ENSEMBL;GENENAME;Ints-4;Ints-5;Ints-9;Ints-11
WBGene00235352;ZK250.13;1;0;0;0
WBGene00219838;C28H8.14;1;0;0;0
WBGene00219316;F21A3.11;1;0;1;1
WBGene00219313;C17E4.20;1;1;1;1
WBGene00219271;F36H5.14;1;0;0;0
WBGene00194908;F22F7.8;1;0;1;1
WBGene00077770;M04D5.3;1;0;0;0
WBGene00077732;szy-4;1;1;0;0
WBGene00045268;ttr-42;1;0;1;1
WBGene00045113;Y43F4B.12;1;1;1;0
WBGene00044949;Y49A10A.2;1;0;0;1
WBGene00044696;F52E1.14;1;1;1;1
WBGene00044620;bus-4;1;1;0;1
WBGene00044508;nsy-7;1;1;1;1
WBGene00044488;Y54G2A.45;1;1;1;1
WBGene00044468;Y69A2AL.2;1;0;0;0
WBGene00044260;Y87G2A.19;1;1;1;1
WBGene00044024;C35A5.11;1;0;0;0
WBGene00023489;F42A10.9;1;1;1;1
WBGene00023485;ttr-49;1;1;1;0
WBGene00022893;ZK1290.13;1;0;0;0
WBGene00022822;ZK813.3;1;0;1;1
WBGene00022727;prkl-1;1;0;1;1
WBGene00022669;ZK177.1;1;1;0;0
WBGene00022642;lipl-5;1;1;1;1
WBGene00022610;ZC416.6;1;1;1;0
WBGene00022586;ZC308.4;1;1;1;1
WBGene00022562;ZC204.12;1;0;0;1
WBGene00022517;ZC123.1;1;1;1;1
WBGene00022490;Y119D3B.13;1;0;1;0
WBGene00022475;Y119C1B.10;1;0;1;1
WBGene00022474;zig-9;1;0;1;0
WBGene00022441;Y110A2AL.4;1;0;1;1
WBGene00022413;Y102A11A.3;1;0;0;0
WBGene00022412;Y102A11A.2;1;0;0;0
WBGene00022396;Y97E10AR.1;1;1;1;1
WBGene00022349;Y82E9BR.17;1;0;1;1
WBGene00022279;sesn-1;1;0;0;0
WBGene00022245;acp-6;1;0;0;0
WBGene00022201;Y71H10B.1;1;0;0;0
WBGene00022200;fard-1;1;1;1;1
WBGene00022024;Y64H9A.2;1;1;1;1
WBGene00021895;clec-84;1;0;0;0
WBGene00021879;clec-83;1;1;1;1
WBGene00021872;clec-85;1;0;1;1
WBGene00021869;Y54G2A.3;1;1;1;0
WBGene00021852;Y54F10AM.8;1;1;1;1
WBGene00021814;Y53G8AR.7;1;0;1;0
WBGene00021796;Y52E8A.3;1;1;1;1
WBGene00021768;Y51F10.7;1;1;1;1
WBGene00021763;Y51F10.2;1;1;0;0
WBGene00021635;Y47G6A.5;1;1;1;1
WBGene00021531;Y42G9A.1;1;0;0;0
WBGene00021503;ctsa-2;1;1;1;1
WBGene00021468;epg-2;1;1;1;1
WBGene00021415;nsy-4;1;1;1;1
WBGene00021336;Y34F4.1;1;0;0;0
WBGene00021335;spp-23;1;0;0;0
WBGene00021325;Y34B4A.9;1;1;1;1
WBGene00021322;Y34B4A.6;1;0;1;0
WBGene00021321;Y34B4A.5;1;0;1;0
WBGene00021279;Y23H5B.8;1;1;1;0
WBGene00021263;Y22D7AR.10;1;0;0;0
WBGene00021253;Y22D7AL.15;1;0;0;0
WBGene00021236;pud-1.2;1;1;0;1
WBGene00021160;gba-4;1;1;1;1
WBGene00021153;Y4C6A.3;1;1;1;1
WBGene00021060;dct-11;1;0;1;0
WBGene00021048;W05H9.1;1;0;1;0
WBGene00020981;W03D2.6;1;0;0;0
WBGene00020976;oac-51;1;1;1;1
WBGene00020954;W02G9.4;1;1;1;1
WBGene00020938;clec-218;1;1;0;1
WBGene00020932;dhod-1;1;0;0;0
WBGene00020920;set-20;1;0;1;1
WBGene00020847;cgr-1;1;1;1;1
WBGene00020837;slc-36.2;1;1;1;1
WBGene00020836;lgc-34;1;1;1;1
WBGene00020799;T25D10.1;1;0;1;0
WBGene00020788;nep-22;1;1;1;1
WBGene00020662;T21H3.1;1;1;1;1
WBGene00020626;T20F5.4;1;1;1;1
WBGene00020517;hpo-8;1;1;1;0
WBGene00020516;T15B7.1;1;1;1;1
WBGene00020502;T14B4.8;1;0;1;1
WBGene00020433;T11F8.1;1;1;1;0
WBGene00020393;T10B5.7;1;1;1;1
WBGene00020382;T09B4.8;1;1;1;1
WBGene00020369;T08H10.1;1;0;1;1
WBGene00020340;T08B1.1;1;1;1;1
WBGene00020329;bath-26;1;0;0;0
WBGene00020307;T07D3.4;1;0;0;0
WBGene00020290;T06D4.1;1;1;1;0
WBGene00020280;T06A1.5;1;1;1;1
WBGene00020256;T05C3.6;1;1;1;1
WBGene00020242;phat-5;1;1;1;1
WBGene00020235;T05A12.4;1;0;0;0
WBGene00020218;T04G9.7;1;0;1;1
WBGene00020205;arrd-1;1;0;1;1
WBGene00020199;T03G11.6;1;1;1;0
WBGene00020194;T03G6.1;1;1;1;1
WBGene00020182;ugt-53;1;1;1;1
WBGene00020170;T02G5.14;1;0;0;0
WBGene00020166;T02G5.7;1;1;1;1
WBGene00020158;T02C5.1;1;0;1;0
WBGene00020149;T01D1.4;1;0;1;1
WBGene00020128;R193.2;1;1;1;1
WBGene00020125;R173.3;1;1;1;1
WBGene00020082;gcp-2.1;1;0;0;0
WBGene00020075;math-35;1;0;1;1
WBGene00020029;R12C12.9;1;0;1;1
WBGene00020022;R12C12.1;1;0;1;1
WBGene00019989;R09F10.8;1;1;1;0
WBGene00019986;R09F10.1;1;1;1;1
WBGene00019958;R08E3.2;1;0;1;0
WBGene00019957;R08E3.1;1;0;1;0
WBGene00019914;clec-150;1;0;0;0
WBGene00019905;R05G9.3;1;1;1;0
WBGene00019895;aagr-2;1;0;0;0
WBGene00019869;R04E5.2;1;0;0;0
WBGene00019862;nrde-3;1;1;1;1
WBGene00019830;hrg-1;1;1;1;0
WBGene00019805;R01B10.3;1;1;1;1
WBGene00019779;M60.2;1;1;1;1
WBGene00019744;M02H5.8;1;0;0;0
WBGene00019682;K12H4.7;1;1;1;1
WBGene00019619;asp-14;1;1;1;1
WBGene00019617;K10C2.1;1;1;1;1
WBGene00019606;clec-88;1;1;0;0
WBGene00019605;ctsa-1;1;1;1;1
WBGene00019599;K09H11.1;1;0;1;1
WBGene00019547;K09C4.1;1;1;1;1
WBGene00019520;K08B12.1;1;1;1;1
WBGene00019495;sdz-24;1;1;1;1
WBGene00019373;K04A8.1;1;1;1;1
WBGene00019351;lron-7;1;0;1;0
WBGene00019225;bgal-2;1;1;1;1
WBGene00019213;H20E11.1;1;0;1;1
WBGene00019207;fgt-1;1;0;1;1
WBGene00019164;H06H21.8;1;0;1;1
WBGene00019154;glf-1;1;1;1;1
WBGene00019105;asp-8;1;1;1;1
WBGene00019097;F59B1.2;1;1;1;1
WBGene00019082;pup-3;1;0;0;0
WBGene00019017;F57F4.4;1;1;1;1
WBGene00019007;F57B10.14;1;1;1;0
WBGene00018984;F56F10.1;1;0;1;0
WBGene00018951;F56C9.7;1;1;1;1
WBGene00018885;drd-5;1;1;1;1
WBGene00018823;F54E2.1;1;0;0;0
WBGene00018779;F53H8.3;1;1;1;1
WBGene00018743;F53B3.5;1;1;1;1
WBGene00018735;F53B1.2;1;1;1;1
WBGene00018718;F52H2.6;1;1;1;1
WBGene00018708;oac-32;1;0;1;0
WBGene00018605;F48E3.4;1;0;1;1
WBGene00018602;F48D6.4;1;0;0;0
WBGene00018547;clec-78;1;1;1;1
WBGene00018489;F46E10.2;1;1;1;1
WBGene00018438;btb-6;1;1;1;1
WBGene00018384;F43C11.7;1;0;0;0
WBGene00018351;F42G2.2;1;0;0;0
WBGene00018342;F42A10.6;1;1;1;1
WBGene00018335;F42A9.6;1;1;1;0
WBGene00018304;agr-1;1;1;1;1
WBGene00018241;F40G9.5;1;0;1;1
WBGene00018215;igcm-1;1;1;1;1
WBGene00018159;F37F2.2;1;0;0;0
WBGene00018140;F37B4.10;1;0;0;0
WBGene00018133;F37A4.3;1;0;1;1
WBGene00018100;math-26;1;0;1;0
WBGene00018041;F35D2.3;1;1;1;1
WBGene00018037;chtl-1;1;1;1;1
WBGene00018036;F35C8.5;1;1;1;1
WBGene00018035;sek-4;1;0;1;0
WBGene00017905;F28F5.6;1;0;0;0
WBGene00017881;asp-13;1;1;1;1
WBGene00017843;F26G5.1;1;1;1;0
WBGene00017782;F25E5.1;1;0;0;0
WBGene00017716;F22F4.1;1;1;1;1
WBGene00017703;F22E5.1;1;0;0;0
WBGene00017691;ilys-5;1;1;1;1
WBGene00017658;F21C10.9;1;1;0;1
WBGene00017648;ddo-3;1;1;1;1
WBGene00017640;F20D6.11;1;0;0;0
WBGene00017591;F19C7.1;1;0;0;0
WBGene00017548;F18A1.7;1;1;1;0
WBGene00017538;ceh-49;1;1;1;1
WBGene00017515;F16F9.4;1;1;1;1
WBGene00017498;pud-4;1;1;0;1
WBGene00017487;F15E6.6;1;0;1;0
WBGene00017436;F13H8.3;1;0;0;0
WBGene00017427;acp-5;1;1;1;1
WBGene00017423;F13C5.2;1;1;1;1
WBGene00017417;F13B6.2;1;0;0;0
WBGene00017398;slc-17.6;1;1;1;1
WBGene00017364;clec-7;1;1;1;1
WBGene00017322;clec-160;1;1;1;1
WBGene00017310;F09G2.1;1;0;0;0
WBGene00017193;F07C3.2;1;1;1;1
WBGene00017149;EGAP4.1;1;1;1;1
WBGene00017143;EEED8.15;1;0;1;1
WBGene00017135;EEED8.4;1;0;0;0
WBGene00017134;EEED8.3;1;1;1;1
WBGene00017131;E04F6.15;1;0;1;0
WBGene00017123;maoc-1;1;0;0;0
WBGene00017093;E02C12.8;1;0;0;0
WBGene00017071;aagr-1;1;1;1;1
WBGene00017018;D1014.5;1;1;1;1
WBGene00017012;acs-22;1;0;1;1
WBGene00016979;C56G2.4;1;1;1;1
WBGene00016957;atic-1;1;0;1;1
WBGene00016918;test-1;1;0;0;0
WBGene00016877;C52D10.3;1;0;0;0
WBGene00016874;C52B11.5;1;0;0;0
WBGene00016865;ets-9;1;0;1;1
WBGene00016860;cyp-33C9;1;0;1;1
WBGene00016823;C50E3.12;1;1;1;0
WBGene00016805;C50D2.1;1;1;1;1
WBGene00016769;C49C8.5;1;0;1;1
WBGene00016756;C49A9.2;1;0;1;0
WBGene00016722;C46G7.2;1;0;0;0
WBGene00016705;C46C11.2;1;1;1;1
WBGene00016700;C46A5.4;1;1;1;1
WBGene00016695;C45H4.14;1;1;0;0
WBGene00016655;acbp-1;1;0;1;0
WBGene00016638;perm-4;1;0;0;0
WBGene00016636;perm-2;1;0;0;0
WBGene00016631;C44B7.11;1;1;1;1
WBGene00016627;C44B7.5;1;0;1;1
WBGene00016594;C42D4.1;1;0;0;0
WBGene00016577;clec-3;1;1;1;1
WBGene00016534;C39D10.7;1;1;1;1
WBGene00016485;meg-4;1;1;0;0
WBGene00016463;C35E7.11;1;1;1;1
WBGene00016457;C35E7.5;1;1;1;1
WBGene00016453;vet-2;1;1;1;1
WBGene00016446;C35D10.10;1;1;1;0
WBGene00016431;C35A11.4;1;0;1;1
WBGene00016335;gba-1;1;1;1;1
WBGene00016332;C32F10.4;1;0;0;0
WBGene00016329;osr-1;1;1;1;1
WBGene00016303;fbxc-32;1;1;1;1
WBGene00016282;C31B8.7;1;0;1;1
WBGene00016218;C29F9.3;1;0;1;0
WBGene00016217;C29F9.2;1;1;1;1
WBGene00016204;gsto-1;1;1;1;1
WBGene00016138;flh-2;1;1;0;1
WBGene00016134;C26B9.5;1;1;1;1
WBGene00016084;cht-3;1;0;1;1
WBGene00016061;hpo-15;1;0;1;1
WBGene00016052;dod-3;1;1;1;1
WBGene00016048;C24B9.3;1;1;1;1
WBGene00016027;C23H5.8;1;1;1;1
WBGene00016020;sptl-1;1;0;1;1
WBGene00016004;C18H9.6;1;0;0;0
WBGene00015981;elt-7;1;1;1;1
WBGene00015956;C18B2.5;1;1;1;1
WBGene00015949;C18A11.3;1;1;1;1
WBGene00015930;C17H12.4;1;0;0;0
WBGene00015905;C17E7.12;1;0;1;0
WBGene00015859;C16D9.4;1;0;1;0
WBGene00015803;C15H9.9;1;1;1;1
WBGene00015783;C15B12.1;1;0;1;1
WBGene00015768;C14C11.4;1;1;1;1
WBGene00015767;hex-2;1;0;1;1
WBGene00015756;C14C6.2;1;1;1;1
WBGene00015728;C13A10.1;1;0;0;0
WBGene00015609;math-4;1;1;1;1
WBGene00015608;math-3;1;0;0;0
WBGene00015569;C07D10.5;1;0;1;1
WBGene00015494;C05E11.3;1;0;0;1
WBGene00015477;attf-4;1;0;1;1
WBGene00015469;C05D2.8;1;1;1;1
WBGene00015389;scav-1;1;1;1;1
WBGene00015340;C02E7.7;1;1;1;1
WBGene00015339;C02E7.6;1;1;1;1
WBGene00015280;C01B10.6;1;0;0;0
WBGene00015171;vang-1;1;1;1;1
WBGene00015141;ugt-46;1;1;1;1
WBGene00015122;B0302.5;1;1;1;1
WBGene00015116;B0286.3;1;1;1;1
WBGene00015110;B0281.3;1;0;0;0
WBGene00015050;clec-51;1;1;1;1
WBGene00015044;cyp-34A9;1;0;0;0
WBGene00015037;B0212.3;1;0;1;0
WBGene00015011;B0041.8;1;0;0;0
WBGene00014999;AH9.3;1;0;0;1
WBGene00014938;mdt-9;1;0;0;0
WBGene00014826;R13H4.2;1;0;0;0
WBGene00014666;C05D12.3;1;1;1;1
WBGene00014253;ZK1320.3;1;1;1;1
WBGene00014252;ZK1320.2;1;1;1;0
WBGene00014251;gstk-1;1;0;0;0
WBGene00014164;lact-2;1;1;1;1
WBGene00014138;clec-186;1;1;1;1
WBGene00014117;clec-91;1;1;1;0
WBGene00014097;ZK829.9;1;1;1;0
WBGene00014067;ZK675.4;1;0;0;0
WBGene00014057;ZK673.1;1;1;1;1
WBGene00014030;glb-1;1;0;1;1
WBGene00014001;pyk-2;1;0;1;0
WBGene00013996;ZK550.2;1;0;1;1
WBGene00013962;ZK287.1;1;1;1;1
WBGene00013906;ugt-5;1;1;1;1
WBGene00013875;ZC376.3;1;1;1;1
WBGene00013874;ZC376.2;1;0;1;0
WBGene00013867;ZC373.2;1;0;1;1
WBGene00013852;hhat-1;1;1;1;1
WBGene00013847;cls-3;1;1;1;1
WBGene00013716;Y106G6H.1;1;1;1;1
WBGene00013699;Y106G6D.2;1;1;1;1
WBGene00013654;Y105C5B.15;1;0;1;0
WBGene00013543;Y75B8A.6;1;1;1;1
WBGene00013541;Y75B8A.4;1;0;0;0
WBGene00013508;Y71A12B.11;1;1;1;1
WBGene00013439;Y66D12A.13;1;0;1;1
WBGene00013394;Y62H9A.6;1;0;1;1
WBGene00013393;Y62H9A.5;1;0;1;1
WBGene00013392;Y62H9A.4;1;0;1;1
WBGene00013391;Y62H9A.3;1;0;1;1
WBGene00013383;aptf-2;1;1;0;0
WBGene00013238;trap-4;1;1;1;1
WBGene00013145;cutl-2;1;0;1;1
WBGene00013127;Y52B11A.8;1;1;0;0
WBGene00013118;Y51H4A.24;1;0;0;0
WBGene00013080;Y51A2D.13;1;1;1;0
WBGene00013037;Y49E10.18;1;1;1;1
WBGene00013035;Y49E10.16;1;1;1;1
WBGene00012968;Y48A6B.7;1;1;1;1
WBGene00012853;Y44A6D.2;1;1;0;1
WBGene00012834;Y43F8C.13;1;1;1;1
WBGene00012782;Y43C5A.2;1;1;1;1
WBGene00012747;Y40H7A.10;1;1;1;1
WBGene00012672;Y39B6A.10;1;1;1;0
WBGene00012664;Y39B6A.1;1;1;1;1
WBGene00012557;Y37D8A.19;1;0;1;1
WBGene00012540;Y37A1B.7;1;1;1;1
WBGene00012531;Y32F6B.1;1;1;1;1
WBGene00012530;Y32F6A.5;1;0;1;1
WBGene00012529;Y32F6A.4;1;0;1;1
WBGene00012492;fbxb-7;1;0;1;0
WBGene00012481;Y18D10A.11;1;1;1;0
WBGene00012445;Y16B4A.2;1;1;1;1
WBGene00012436;flh-3;1;1;1;1
WBGene00012346;W08G11.1;1;1;1;1
WBGene00012280;W05E10.1;1;0;0;1
WBGene00012253;clec-50;1;1;1;1
WBGene00012251;clec-49;1;1;1;1
WBGene00012201;W02B12.1;1;1;1;1
WBGene00012198;W02B8.2;1;0;0;0
WBGene00012134;T28F3.8;1;0;1;0
WBGene00012018;T25C12.3;1;1;1;1
WBGene00012013;ugt-54;1;1;1;1
WBGene00012007;T25B9.1;1;0;1;0
WBGene00011979;T24B8.5;1;1;1;1
WBGene00011977;T24B8.3;1;0;1;1
WBGene00011956;T23F11.4;1;1;1;1
WBGene00011936;pgrn-1;1;0;1;1
WBGene00011898;T21C9.13;1;1;0;0
WBGene00011893;T21C9.6;1;1;1;1
WBGene00011880;T21B6.3;1;1;1;1
WBGene00011856;T20D3.2;1;1;1;1
WBGene00011844;T19C9.8;1;0;0;1
WBGene00011838;T19C4.1;1;1;1;1
WBGene00011821;cdf-2;1;0;1;1
WBGene00011803;T16G12.1;1;1;1;1
WBGene00011801;T16G1.7;1;1;1;0
WBGene00011800;T16G1.6;1;1;1;1
WBGene00011763;T14B1.1;1;1;1;1
WBGene00011733;T12D8.5;1;0;1;1
WBGene00011642;T09B9.1;1;1;1;1
WBGene00011564;ugt-50;1;0;1;1
WBGene00011509;T05H10.4;1;1;1;1
WBGene00011508;T05H10.3;1;1;1;1
WBGene00011501;rmd-1;1;1;1;0
WBGene00011489;T05F1.2;1;1;1;0
WBGene00011486;T05E12.3;1;1;1;1
WBGene00011441;T04F8.2;1;0;0;1
WBGene00011439;T04F3.4;1;1;1;1
WBGene00011434;T04D3.5;1;1;1;0
WBGene00011399;T03F6.3;1;0;0;0
WBGene00011388;T02G6.5;1;1;1;0
WBGene00011383;T02E9.5;1;1;1;1
WBGene00011374;T02D1.8;1;1;1;1
WBGene00011364;T02B5.3;1;0;1;0
WBGene00011328;T01D3.3;1;1;1;1
WBGene00011291;R102.4;1;0;1;1
WBGene00011275;psf-1;1;0;0;0
WBGene00011222;R10H10.3;1;1;1;1
WBGene00011221;R10E12.2;1;1;1;1
WBGene00011190;swt-6;1;1;1;1
WBGene00011182;R09H10.5;1;1;1;1
WBGene00011181;R09H10.3;1;1;1;1
WBGene00011175;R09E10.5;1;1;1;1
WBGene00011166;chil-22;1;1;1;1
WBGene00011153;R09A8.2;1;1;1;0
WBGene00011112;R07E5.4;1;0;0;1
WBGene00011102;R07E3.1;1;1;1;1
WBGene00011063;cpg-3;1;1;1;0
WBGene00011059;R06C1.4;1;1;1;0
WBGene00011018;R05A10.1;1;1;1;1
WBGene00011011;R04D3.3;1;1;0;0
WBGene00011010;R04D3.2;1;1;1;0
WBGene00011000;R03G8.6;1;1;0;1
WBGene00010998;R03G8.3;1;0;1;0
WBGene00010953;clec-190;1;0;0;1
WBGene00010925;M153.2;1;1;1;1
WBGene00010904;ugt-62;1;1;1;1
WBGene00010901;M28.10;1;0;0;0
WBGene00010835;M03B6.3;1;1;1;1
WBGene00010793;LLC1.2;1;0;1;1
WBGene00010769;asah-1;1;1;1;1
WBGene00010750;K10D11.6;1;1;1;1
WBGene00010745;dod-17;1;1;1;1
WBGene00010726;K09E9.3;1;1;1;0
WBGene00010704;K09A11.1;1;0;0;0
WBGene00010690;K08H2.3;1;1;1;0
WBGene00010659;K08D8.5;1;1;1;1
WBGene00010658;K08D8.4;1;1;1;1
WBGene00010644;K07G5.5;1;0;1;1
WBGene00010597;K06A4.7;1;1;1;1
WBGene00010568;K04G2.10;1;1;1;1
WBGene00010555;K04C1.5;1;1;0;0
WBGene00010519;K03A11.1;1;1;0;0
WBGene00010471;cdr-6;1;0;1;0
WBGene00010442;bus-12;1;1;1;1
WBGene00010383;mpst-3;1;0;0;1
WBGene00010317;idh-1;1;1;1;1
WBGene00010277;F58G6.7;1;1;1;1
WBGene00010266;dct-18;1;1;1;1
WBGene00010256;hrg-3;1;1;1;1
WBGene00010238;F58B4.5;1;1;1;1
WBGene00010234;ttr-50;1;0;1;1
WBGene00010204;F57F5.1;1;1;1;0
WBGene00010196;F57C2.4;1;0;1;1
WBGene00010149;F56D5.5;1;1;1;1
WBGene00010134;F55H12.3;1;1;1;1
WBGene00010128;F55G11.8;1;1;1;1
WBGene00010124;F55G11.4;1;0;1;0
WBGene00010123;F55G11.2;1;1;1;1
WBGene00010085;F55B11.3;1;0;1;1
WBGene00010083;F55B11.1;1;1;1;1
WBGene00010070;nep-17;1;1;1;1
WBGene00010051;F54D5.5;1;1;0;0
WBGene00010050;F54D5.4;1;1;1;1
WBGene00010049;F54D5.3;1;0;0;0
WBGene00010041;F54C9.3;1;1;1;1
WBGene00010000;F53F8.3;1;1;1;1
WBGene00009973;F53C11.3;1;0;1;1
WBGene00009902;drd-1;1;1;1;1
WBGene00009899;efl-3;1;1;1;1
WBGene00009897;skpo-1;1;1;1;1
WBGene00009895;scl-2;1;1;1;1
WBGene00009886;F49E2.2;1;0;0;0
WBGene00009877;F49C12.7;1;0;1;1
WBGene00009862;fbxb-67;1;1;1;1
WBGene00009818;acbp-3;1;1;1;1
WBGene00009796;F46G10.1;1;1;0;0
WBGene00009787;F46F2.3;1;0;1;1
WBGene00009773;lipl-2;1;1;1;1
WBGene00009741;drr-1;1;0;1;0
WBGene00009730;myo-6;1;1;1;1
WBGene00009651;F43D2.2;1;1;1;1
WBGene00009635;F42F12.3;1;0;0;0
WBGene00009632;ttyh-1;1;0;0;1
WBGene00009606;F40G12.11;1;1;1;0
WBGene00009582;F40F9.5;1;0;1;1
WBGene00009397;clec-66;1;1;1;1
WBGene00009396;clec-65;1;1;1;1
WBGene00009394;clec-63;1;0;1;0
WBGene00009393;clec-62;1;0;0;0
WBGene00009389;F35B12.10;1;1;0;0
WBGene00009347;F32H5.1;1;1;1;1
WBGene00009304;eva-1;1;1;1;1
WBGene00009292;F31D4.5;1;1;1;1
WBGene00009261;F30A10.2;1;1;1;1
WBGene00009259;hpo-34;1;1;1;1
WBGene00009237;F28H7.3;1;1;1;1
WBGene00009215;thn-2;1;0;1;0
WBGene00009192;F27E5.1;1;1;1;0
WBGene00009165;gpx-1;1;0;0;0
WBGene00009133;bed-3;1;1;1;1
WBGene00009048;cth-1;1;0;1;1
WBGene00009041;cut-3;1;1;1;1
WBGene00009035;gfat-2;1;1;0;0
WBGene00009008;F21D5.3;1;1;1;1
WBGene00008986;F20G2.2;1;0;0;0
WBGene00008979;F20D1.9;1;0;0;0
WBGene00008936;papl-1;1;1;1;1
WBGene00008904;F17A2.13;1;0;1;1
WBGene00008844;F15A4.10;1;1;1;0
WBGene00008825;F14H3.6;1;1;0;0
WBGene00008824;F14H3.5;1;1;0;0
WBGene00008823;F14H3.4;1;1;1;0
WBGene00008793;F14D7.6;1;1;1;1
WBGene00008789;F14D7.2;1;1;1;1
WBGene00008779;F14B4.1;1;1;1;1
WBGene00008776;F13H10.5;1;1;1;1
WBGene00008760;F13E9.11;1;1;1;1
WBGene00008741;F13D12.6;1;0;1;0
WBGene00008730;F13B12.2;1;1;1;1
WBGene00008692;scav-4;1;1;1;1
WBGene00008669;acs-14;1;0;1;1
WBGene00008655;lips-3;1;1;1;1
WBGene00008654;F10F2.2;1;0;1;1
WBGene00008596;clec-54;1;1;1;1
WBGene00008595;clec-56;1;1;1;1
WBGene00008567;F08A8.4;1;1;1;1
WBGene00008563;F07H5.13;1;0;1;1
WBGene00008542;scav-6;1;1;1;1
WBGene00008537;F02H6.4;1;1;1;0
WBGene00008536;F02H6.3;1;1;1;1
WBGene00008535;F02H6.2;1;1;0;0
WBGene00008528;F02E9.1;1;0;0;0
WBGene00008496;F01D5.6;1;1;1;1
WBGene00008495;F01D5.5;1;1;1;1
WBGene00008492;F01D5.1;1;1;1;1
WBGene00008486;ugt-44;1;1;1;1
WBGene00008456;E02H1.2;1;1;0;0
WBGene00008425;D2045.8;1;1;1;1
WBGene00008414;D2030.4;1;0;1;0
WBGene00008378;D1054.11;1;0;1;1
WBGene00008377;D1054.10;1;0;1;1
WBGene00008341;ttr-44;1;1;1;1
WBGene00008239;fshr-1;1;0;1;1
WBGene00008229;C50F4.1;1;0;0;0
WBGene00008218;nasp-2;1;1;1;0
WBGene00008194;C49C3.4;1;1;1;0
WBGene00008167;acox-5;1;1;1;1
WBGene00008123;ent-4;1;1;1;1
WBGene00008110;C46C2.2;1;0;1;1
WBGene00008042;C40H1.7;1;1;1;1
WBGene00007964;cyp-25A2;1;1;1;1
WBGene00007904;C33G3.4;1;1;1;1
WBGene00007867;C32H11.4;1;1;1;1
WBGene00007857;C31H5.6;1;1;1;0
WBGene00007833;oac-6;1;1;1;1
WBGene00007811;C29F7.2;1;1;1;1
WBGene00007808;best-7;1;1;1;1
WBGene00007807;C29F3.7;1;0;1;1
WBGene00007743;C26C6.9;1;0;1;1
WBGene00007709;clec-87;1;1;1;0
WBGene00007695;C23H4.7;1;1;1;1
WBGene00007685;C18E9.5;1;1;1;1
WBGene00007672;fbxa-136;1;1;1;0
WBGene00007650;ugt-23;1;1;1;1
WBGene00007649;C17G1.2;1;0;1;1
WBGene00007605;asp-10;1;1;1;1
WBGene00007600;C15C6.1;1;1;1;1
WBGene00007565;clec-48;1;1;1;1
WBGene00007560;C14A4.9;1;1;1;1
WBGene00007557;C14A4.6;1;0;1;1
WBGene00007541;fipr-4;1;1;1;1
WBGene00007536;daf-36;1;1;1;1
WBGene00007533;cbl-1;1;0;0;0
WBGene00007460;C08F11.13;1;1;1;1
WBGene00007455;ugt-22;1;1;1;1
WBGene00007425;C08B6.4;1;1;1;1
WBGene00007422;ugt-17;1;1;1;1
WBGene00007417;ceh-58;1;0;0;0
WBGene00007394;C06H5.6;1;0;1;0
WBGene00007341;C05D12.4;1;0;0;1
WBGene00007336;C05C12.4;1;0;1;1
WBGene00007331;pho-11;1;1;1;1
WBGene00007290;C04B4.2;1;1;1;0
WBGene00007283;clec-222;1;0;1;1
WBGene00007233;C01G10.6;1;1;1;1
WBGene00007225;C01G6.3;1;1;1;1
WBGene00007185;nlp-36;1;1;1;0
WBGene00007174;mboa-1;1;1;1;1
WBGene00007170;B0393.5;1;1;1;1
WBGene00007153;clec-41;1;0;1;0
WBGene00007129;B0272.3;1;0;1;1
WBGene00007112;B0035.13;1;1;1;1
WBGene00006948;wrt-2;1;1;1;1
WBGene00006947;wrt-1;1;1;1;1
WBGene00006930;vit-6;1;0;1;1
WBGene00006929;vit-5;1;0;1;1
WBGene00006928;vit-4;1;0;1;0
WBGene00006927;vit-3;1;0;1;0
WBGene00006926;vit-2;1;0;1;0
WBGene00006925;vit-1;1;0;1;0
WBGene00006921;vha-12;1;0;1;1
WBGene00006920;vha-11;1;0;0;1
WBGene00006919;vha-10;1;0;0;0
WBGene00006915;vha-6;1;1;1;1
WBGene00006913;vha-4;1;0;0;0
WBGene00006912;vha-3;1;0;0;1
WBGene00006902;vet-6;1;1;1;1
WBGene00006886;vap-1;1;1;1;1
WBGene00006826;unc-97;1;1;1;1
WBGene00006741;unc-1;1;1;1;1
WBGene00006672;twk-18;1;0;1;1
WBGene00006651;tts-2;1;1;1;1
WBGene00006636;tsp-10;1;1;1;1
WBGene00006619;try-1;1;1;1;0
WBGene00006609;tre-3;1;0;0;0
WBGene00006584;tni-1;1;1;1;1
WBGene00006546;tbx-9;1;1;1;0
WBGene00006541;tbh-1;1;1;1;1
WBGene00006524;tap-1;1;0;1;1
WBGene00006434;prdx-2;1;1;1;0
WBGene00006431;tag-52;1;1;1;1
WBGene00006404;tag-10;1;1;1;1
WBGene00006388;taf-7.1;1;1;1;1
WBGene00005018;sqt-3;1;1;1;1
WBGene00005003;spp-18;1;1;1;1
WBGene00005001;spp-16;1;1;1;1
WBGene00004999;spp-14;1;0;0;0
WBGene00004993;spp-8;1;1;1;1
WBGene00004990;spp-5;1;0;1;1
WBGene00004989;spp-4;1;1;1;1
WBGene00004988;spp-3;1;1;1;1
WBGene00004987;spp-2;1;1;1;1
WBGene00004986;spp-1;1;0;1;1
WBGene00004981;spl-1;1;0;0;0
WBGene00004898;snb-2;1;0;0;0
WBGene00004893;sms-2;1;1;1;1
WBGene00004890;smp-2;1;0;1;1
WBGene00004878;smf-3;1;1;1;1
WBGene00004875;smd-1;1;0;1;1
WBGene00004827;skr-21;1;1;1;1
WBGene00004820;skr-14;1;1;1;1
WBGene00004818;skr-12;1;0;1;1
WBGene00004816;skr-10;1;0;1;1
WBGene00004815;skr-9;1;1;1;1
WBGene00004814;skr-8;1;1;1;1
WBGene00004813;skr-7;1;1;1;1
WBGene00004796;sid-2;1;0;1;1
WBGene00004771;sem-2;1;1;1;1
WBGene00004750;sea-1;1;1;1;0
WBGene00004703;rsp-6;1;1;1;0
WBGene00004392;rnr-2;1;1;1;0
WBGene00004374;rme-2;1;1;0;0
WBGene00004358;rhr-1;1;0;0;1
WBGene00004267;rab-3;1;1;1;1
WBGene00004241;puf-5;1;1;1;0
WBGene00004230;ptr-16;1;1;1;1
WBGene00004179;prg-2;1;0;0;0
WBGene00004155;pqn-73;1;1;1;1
WBGene00004058;pmp-1;1;1;1;1
WBGene00004020;pho-1;1;1;1;1
WBGene00003986;mct-4;1;1;1;1
WBGene00003959;pcp-4;1;1;1;1
WBGene00003958;pcp-3;1;0;0;0
WBGene00003957;pcp-2;1;1;1;1
WBGene00003956;pcp-1;1;1;1;1
WBGene00003943;pbo-4;1;0;0;1
WBGene00003941;pbo-1;1;0;0;0
WBGene00003912;pal-1;1;1;0;0
WBGene00003877;pept-1;1;1;1;1
WBGene00003828;nuc-1;1;1;1;1
WBGene00003784;nos-2;1;1;1;0
WBGene00003773;nlt-1;1;1;1;1
WBGene00003772;nlr-1;1;0;1;1
WBGene00003738;nid-1;1;1;1;1
WBGene00003730;nhx-2;1;1;1;1
WBGene00003711;nhr-121;1;0;1;0
WBGene00003658;nhr-68;1;0;1;1
WBGene00003645;nhr-55;1;1;1;1
WBGene00003607;nhr-8;1;0;1;1
WBGene00003577;ndg-4;1;0;0;0
WBGene00003571;ncx-6;1;1;1;1
WBGene00003474;mtl-2;1;1;1;1
WBGene00003410;mrp-4;1;1;1;0
WBGene00003370;mlc-2;1;0;0;0
WBGene00003171;mec-7;1;0;1;1
WBGene00003111;mab-20;1;1;1;1
WBGene00003097;lys-8;1;1;1;1
WBGene00003096;lys-7;1;0;1;0
WBGene00003093;lys-4;1;1;1;1
WBGene00003091;lys-2;1;1;1;1
WBGene00003011;lin-25;1;0;1;1
WBGene00002891;let-767;1;1;1;1
WBGene00002299;let-23;1;0;1;1
WBGene00002273;lec-10;1;1;1;1
WBGene00002272;lec-9;1;1;1;1
WBGene00002259;lbp-7;1;1;1;1
WBGene00002258;lbp-6;1;0;1;1
WBGene00002257;lbp-5;1;1;1;1
WBGene00002248;lam-3;1;0;0;1
WBGene00002139;inx-17;1;1;1;1
WBGene00002138;inx-16;1;0;1;1
WBGene00002137;inx-15;1;0;1;1
WBGene00002135;inx-13;1;1;1;1
WBGene00002130;inx-8;1;0;1;1
WBGene00002125;inx-3;1;1;1;1
WBGene00002124;inx-2;1;1;1;1
WBGene00002117;ins-34;1;1;1;1
WBGene00002067;ifp-1;1;0;1;1
WBGene00002058;ifd-2;1;0;0;0
WBGene00002057;ifd-1;1;1;1;1
WBGene00002051;ifa-3;1;1;1;1
WBGene00002041;hum-8;1;0;0;0
WBGene00002039;hum-6;1;1;1;1
WBGene00001949;hlh-2;1;1;1;1
WBGene00001942;his-68;1;1;1;0
WBGene00001941;his-67;1;0;0;0
WBGene00001937;his-63;1;1;0;0
WBGene00001935;his-61;1;1;1;0
WBGene00001921;his-47;1;1;0;0
WBGene00001914;his-40;1;1;1;0
WBGene00001912;his-38;1;1;1;1
WBGene00001906;his-32;1;1;1;0
WBGene00001905;his-31;1;1;1;1
WBGene00001899;his-25;1;0;0;1
WBGene00001892;his-18;1;1;1;1
WBGene00001891;his-17;1;1;1;1
WBGene00001885;his-11;1;1;1;1
WBGene00001882;his-8;1;1;1;1
WBGene00001881;his-7;1;1;1;1
WBGene00001880;his-6;1;0;1;0
WBGene00001879;his-5;1;0;1;0
WBGene00001878;his-4;1;1;1;1
WBGene00001877;his-3;1;1;1;1
WBGene00001876;his-2;1;1;1;1
WBGene00001875;his-1;1;1;1;0
WBGene00001858;hil-7;1;1;1;1
WBGene00001828;hch-1;1;0;0;1
WBGene00001824;hbl-1;1;1;1;1
WBGene00001819;haf-9;1;1;1;1
WBGene00001814;haf-4;1;1;1;1
WBGene00001795;gtl-1;1;1;1;1
WBGene00001775;gst-27;1;1;1;1
WBGene00001774;gst-26;1;1;1;1
WBGene00001761;gst-13;1;1;1;1
WBGene00001758;gst-10;1;0;1;0
WBGene00001754;gst-6;1;1;1;1
WBGene00001699;grd-10;1;1;0;1
WBGene00001686;gpd-4;1;1;1;0
WBGene00001683;gpd-1;1;1;1;0
WBGene00001682;gpc-2;1;0;0;0
WBGene00001647;gna-2;1;1;0;0
WBGene00001581;gfi-1;1;1;1;1
WBGene00001578;ges-1;1;1;1;1
WBGene00001570;gei-13;1;1;1;1
WBGene00001501;ftn-2;1;1;1;0
WBGene00001476;fmo-1;1;0;1;1
WBGene00001399;fat-7;1;0;1;0
WBGene00001330;eps-8;1;0;1;1
WBGene00001303;emo-1;1;1;1;0
WBGene00001250;elt-2;1;0;0;0
WBGene00001244;elo-6;1;1;1;1
WBGene00001243;elo-5;1;1;1;1
WBGene00001240;elo-2;1;1;1;1
WBGene00001186;egl-18;1;1;1;1
WBGene00001165;efn-4;1;0;1;1
WBGene00001157;ech-8;1;0;0;0
WBGene00001156;ech-7;1;1;1;1
WBGene00001108;dsl-6;1;1;0;0
WBGene00001105;dsl-3;1;0;1;1
WBGene00001099;dsc-4;1;1;1;1
WBGene00001076;dpy-17;1;1;1;1
WBGene00001075;dpy-14;1;1;1;1
WBGene00001072;dpy-10;1;1;1;1
WBGene00001005;dlc-1;1;1;1;0
WBGene00000991;dhs-28;1;0;0;0
WBGene00000988;dhs-25;1;1;1;1
WBGene00000983;dhs-20;1;0;1;0
WBGene00000977;dhs-14;1;0;1;1
WBGene00000967;dhs-3;1;0;1;0
WBGene00000929;dao-3;1;0;1;1
WBGene00000868;cyb-3;1;1;1;0
WBGene00000867;cyb-2.2;1;1;1;0
WBGene00000853;cut-6;1;1;1;1
WBGene00000831;ctl-2;1;0;0;0
WBGene00000799;crn-6;1;1;1;1
WBGene00000789;cpz-2;1;0;1;1
WBGene00000786;cpr-6;1;0;1;0
WBGene00000784;cpr-4;1;1;0;0
WBGene00000738;col-165;1;1;1;1
WBGene00000695;col-121;1;1;1;1
WBGene00000652;col-76;1;0;1;1
WBGene00000650;col-74;1;1;1;1
WBGene00000554;cnb-1;1;0;1;1
WBGene00000539;cln-3.1;1;1;1;1
WBGene00000515;ckc-1;1;0;0;0
WBGene00000503;cht-1;1;1;1;1
WBGene00000478;cfz-2;1;1;1;1
WBGene00000474;cey-3;1;1;0;0
WBGene00000473;cey-2;1;1;1;0
WBGene00000414;cec-1;1;0;1;1
WBGene00000412;cdr-1;1;0;1;1
WBGene00000406;cdk-4;1;0;1;1
WBGene00000396;cdh-4;1;1;1;1
WBGene00000395;cdh-3;1;1;1;1
WBGene00000388;cdc-25.3;1;1;1;0
WBGene00000301;cav-1;1;1;1;1
WBGene00000298;cat-4;1;0;1;1
WBGene00000289;cam-1;1;1;1;1
WBGene00000283;cah-5;1;1;1;0
WBGene00000239;bas-1;1;0;1;1
WBGene00000219;asp-6;1;1;1;1
WBGene00000218;asp-5;1;1;1;1
WBGene00000217;asp-4;1;0;0;0
WBGene00000216;asp-3;1;1;1;1
WBGene00000215;asp-2;1;1;1;1
WBGene00000214;asp-1;1;0;1;1
WBGene00000212;asm-2;1;1;1;1
WBGene00000210;asg-2;1;0;1;0
WBGene00000179;aqp-11;1;0;0;0
WBGene00000178;aqp-10;1;1;1;1
WBGene00000172;aqp-4;1;1;1;1
WBGene00000170;aqp-2;1;1;1;1
WBGene00000169;aqp-1;1;1;1;0
WBGene00000157;aps-2;1;0;1;0
WBGene00000137;amx-1;1;0;0;0
WBGene00000136;amt-4;1;1;1;1
WBGene00000118;alh-12;1;0;1;1
WBGene00000095;aha-1;1;0;0;1
WBGene00000088;aex-5;1;0;0;0
WBGene00000040;aco-1;1;1;1;1
WBGene00000039;acn-1;1;1;1;1
WBGene00000037;ace-3;1;1;1;1
WBGene00000002;aat-1;1;0;1;1
WBGene00235268;Y54G2A.76;0;1;1;1
WBGene00220094;T25C12.12;0;1;0;1
WBGene00220093;T25C12.11;0;1;0;1
WBGene00219917;F26D10.24;0;1;0;0
WBGene00219803;C06A1.12;0;1;0;0
WBGene00219451;F52D2.12;0;1;0;0
WBGene00219208;B0365.9;0;1;0;1
WBGene00206389;C29F7.10;0;1;0;0
WBGene00206375;T08B6.64;0;1;1;0
WBGene00077757;E02H4.7;0;1;1;1
WBGene00077691;T06E4.14;0;1;1;1
WBGene00077453;Y62F5A.12;0;1;0;0
WBGene00050939;C05G5.7;0;1;1;1
WBGene00045391;F52D4.1;0;1;0;0
WBGene00045192;aho-3;0;1;0;0
WBGene00045078;C46C2.7;0;1;0;0
WBGene00044962;F28D1.13;0;1;1;0
WBGene00044811;F12E12.11;0;1;1;0
WBGene00044724;R02E4.3;0;1;0;1
WBGene00044623;bus-8;0;1;1;1
WBGene00044607;K02A11.4;0;1;1;1
WBGene00044533;F41F3.8;0;1;1;1
WBGene00044431;W03G9.8;0;1;0;0
WBGene00044383;T05A7.11;0;1;1;1
WBGene00044345;Y48G1C.12;0;1;0;0
WBGene00044344;mrpl-39;0;1;0;0
WBGene00044329;cpsf-4;0;1;0;0
WBGene00044324;ufm-1;0;1;0;0
WBGene00044316;F41G3.21;0;1;1;0
WBGene00044303;hst-3.2;0;1;0;1
WBGene00044296;F10C1.9;0;1;1;1
WBGene00044204;suds-3;0;1;0;0
WBGene00044109;K02E11.10;0;1;0;1
WBGene00044107;F58G6.9;0;1;1;1
WBGene00044016;C35A5.10;0;1;0;1
WBGene00044011;T06E4.12;0;1;0;1
WBGene00044001;C09G4.4;0;1;0;0
WBGene00043051;C29E4.13;0;1;0;0
WBGene00023432;K12B6.9;0;1;1;1
WBGene00023419;F53F4.16;0;1;0;0
WBGene00023418;R06F6.12;0;1;0;0
WBGene00023409;mbd-2;0;1;0;0
WBGene00022850;ZK1127.3;0;1;0;0
WBGene00022836;ZK973.11;0;1;0;0
WBGene00022816;fbn-1;0;1;1;1
WBGene00022813;ZK742.3;0;1;1;1
WBGene00022792;ZK686.2;0;1;0;0
WBGene00022791;ZK686.1;0;1;0;0
WBGene00022782;ZK622.4;0;1;1;1
WBGene00022775;ZK616.5;0;1;0;0
WBGene00022750;ZK484.4;0;1;0;0
WBGene00022749;ZK484.3;0;1;0;0
WBGene00022702;cutc-1;0;1;0;0
WBGene00022680;ZK180.6;0;1;1;1
WBGene00022679;ZK180.5;0;1;1;1
WBGene00022678;sar-1;0;1;0;0
WBGene00022665;ZK154.1;0;1;1;1
WBGene00022612;ZC449.2;0;1;0;1
WBGene00022611;ZC449.1;0;1;1;1
WBGene00022599;ZC395.10;0;1;0;0
WBGene00022591;cuti-1;0;1;1;1
WBGene00022577;nstp-3;0;1;1;1
WBGene00022508;ZC53.1;0;1;0;0
WBGene00022505;ZC21.3;0;1;0;1
WBGene00022504;mam-1;0;1;1;1
WBGene00022470;mrpl-19;0;1;0;0
WBGene00022455;tyms-1;0;1;0;0
WBGene00022418;igcm-4;0;1;1;1
WBGene00022417;Y102A11A.7;0;1;1;1
WBGene00022415;Y102A11A.5;0;1;0;1
WBGene00022410;Y97E10C.1;0;1;1;1
WBGene00022394;Y97E10AL.3;0;1;0;0
WBGene00022383;Y95B8A.2;0;1;1;1
WBGene00022368;Y92H12BR.2;0;1;0;0
WBGene00022357;kbp-4;0;1;0;0
WBGene00022292;Y75D11A.3;0;1;0;0
WBGene00022287;Y75B7AR.1;0;1;1;1
WBGene00022283;lgc-27;0;1;1;1
WBGene00022274;Y73E7A.8;0;1;1;1
WBGene00022257;puf-11;0;1;0;0
WBGene00022181;pho-9;0;1;0;1
WBGene00022180;Y71H2AM.15;0;1;1;1
WBGene00022170;Y71H2AM.5;0;1;0;0
WBGene00022167;Y71H2AM.2;0;1;0;0
WBGene00022160;Y71G12B.25;0;1;1;1
WBGene00022159;mppa-1;0;1;0;0
WBGene00022141;chaf-2;0;1;0;0
WBGene00022127;yop-1;0;1;0;0
WBGene00022122;trap-1;0;1;1;1
WBGene00022103;cdh-12;0;1;0;1
WBGene00022099;Y69A2AR.28;0;1;0;0
WBGene00022034;deps-1;0;1;0;0
WBGene00021920;mrps-25;0;1;0;0
WBGene00021913;cec-8;0;1;0;1
WBGene00021850;Y54F10AM.6;0;1;0;1
WBGene00021846;ztf-23;0;1;0;0
WBGene00021841;Y54E10BR.2;0;1;0;0
WBGene00021813;Y53G8AR.6;0;1;0;0
WBGene00021781;Y51H7C.3;0;1;0;0
WBGene00021726;bath-10;0;1;0;0
WBGene00021725;bath-9;0;1;1;1
WBGene00021661;mbtr-1;0;1;0;0
WBGene00021658;Y48G1A.2;0;1;0;0
WBGene00021648;mis-12;0;1;0;0
WBGene00021636;pcaf-1;0;1;0;0
WBGene00021625;Y47D7A.13;0;1;1;1
WBGene00021596;spsb-2;0;1;0;0
WBGene00021583;clec-72;0;1;1;1
WBGene00021541;Y42H9B.3;0;1;0;0
WBGene00021420;trap-3;0;1;1;0
WBGene00021392;Y38A10A.7;0;1;0;0
WBGene00021389;Y38A10A.2;0;1;1;1
WBGene00021326;Y34B4A.10;0;1;0;1
WBGene00021309;Y32G9B.1;0;1;0;0
WBGene00021270;Y23H5A.3;0;1;0;0
WBGene00021248;Y22D7AL.10;0;1;1;0
WBGene00021213;Y18H1A.9;0;1;1;1
WBGene00021206;Y17G9B.9;0;1;0;0
WBGene00021191;Y14H12B.1;0;1;0;0
WBGene00021178;Y9C9A.8;0;1;1;1
WBGene00021155;Y4C6B.1;0;1;0;0
WBGene00021095;mlt-8;0;1;0;1
WBGene00021088;W08E12.7;0;1;0;0
WBGene00021085;W08E12.4;0;1;1;1
WBGene00021084;W08E12.3;0;1;1;1
WBGene00021056;W06B4.1;0;1;0;0
WBGene00021035;W05F2.3;0;1;0;0
WBGene00021026;W04C9.4;0;1;0;0
WBGene00021024;W04C9.2;0;1;0;0
WBGene00021002;W03F9.4;0;1;0;0
WBGene00020999;W03F9.1;0;1;0;0
WBGene00020994;W03F8.4;0;1;0;0
WBGene00020948;era-1;0;1;1;0
WBGene00020910;dgtr-1;0;1;1;0
WBGene00020896;T28D9.4;0;1;0;0
WBGene00020803;T25E4.1;0;1;1;1
WBGene00020778;T24E12.11;0;1;1;0
WBGene00020761;T24C4.5;0;1;0;0
WBGene00020703;T22F7.4;0;1;1;1
WBGene00020702;T22F7.3;0;1;0;1
WBGene00020696;T22F3.3;0;1;0;0
WBGene00020665;T22B2.1;0;1;0;0
WBGene00020595;T20B5.2;0;1;0;1
WBGene00020590;T19H12.6;0;1;0;1
WBGene00020576;T19D12.1;0;1;1;1
WBGene00020571;lpr-7;0;1;1;1
WBGene00020560;T19C3.2;0;1;0;1
WBGene00020554;T19A5.3;0;1;1;1
WBGene00020499;T14B4.2;0;1;0;0
WBGene00020479;T13C2.3;0;1;0;1
WBGene00020478;T13C2.2;0;1;1;1
WBGene00020466;sld-2;0;1;0;0
WBGene00020462;T12E12.1;0;1;0;0
WBGene00020421;T10E10.4;0;1;1;1
WBGene00020412;T10E9.2;0;1;0;0
WBGene00020404;T10B11.8;0;1;0;0
WBGene00020379;T09B4.5;0;1;1;1
WBGene00020375;pigv-1;0;1;0;0
WBGene00020283;T06A4.3;0;1;0;1
WBGene00020275;atp-4;0;1;0;0
WBGene00020274;T05H4.11;0;1;0;0
WBGene00020264;acl-8;0;1;0;0
WBGene00020261;vet-1;0;1;1;0
WBGene00020250;T05C1.3;0;1;1;1
WBGene00020237;phat-4;0;1;1;1
WBGene00020208;T04C4.1;0;1;0;0
WBGene00020192;T03F1.11;0;1;1;0
WBGene00020141;lmd-5;0;1;1;1
WBGene00020107;R151.2;0;1;0;0
WBGene00020083;R57.2;0;1;0;1
WBGene00020073;sdz-28;0;1;0;0
WBGene00020064;kbp-1;0;1;0;0
WBGene00020040;R12E2.15;0;1;1;1
WBGene00020039;R12E2.14;0;1;1;1
WBGene00020035;egg-5;0;1;0;0
WBGene00020033;R12E2.7;0;1;1;1
WBGene00020017;R12A1.3;0;1;1;1
WBGene00019983;sti-1;0;1;0;0
WBGene00019971;ergo-1;0;1;0;0
WBGene00019960;ztf-16;0;1;0;1
WBGene00019953;wapl-1;0;1;0;0
WBGene00019947;htz-1;0;1;0;0
WBGene00019906;R05G9R.1;0;1;0;1
WBGene00019900;vdac-1;0;1;0;0
WBGene00019868;R04B3.3;0;1;1;1
WBGene00019866;R04B3.1;0;1;1;1
WBGene00019855;R03H10.2;0;1;1;1
WBGene00019846;gpx-7;0;1;1;1
WBGene00019839;R02F11.1;0;1;1;1
WBGene00019824;R02D3.7;0;1;0;0
WBGene00019811;egg-2;0;1;0;0
WBGene00019800;mtss-1;0;1;0;0
WBGene00019799;M151.7;0;1;0;0
WBGene00019761;M03F8.1;0;1;0;0
WBGene00019759;M03F4.6;0;1;0;1
WBGene00019756;M03E7.4;0;1;0;1
WBGene00019738;clec-265;0;1;1;1
WBGene00019692;M01A10.1;0;1;0;0
WBGene00019680;K12H4.5;0;1;0;0
WBGene00019628;pup-2;0;1;0;0
WBGene00019537;K08D12.3;0;1;0;0
WBGene00019407;K05F1.5;0;1;1;1
WBGene00019399;K04F10.7;0;1;0;0
WBGene00019396;K04F10.3;0;1;0;0
WBGene00019381;K04C2.3;0;1;0;0
WBGene00019354;K03B4.2;0;1;0;0
WBGene00019318;K02E10.4;0;1;1;1
WBGene00019311;K02E7.6;0;1;0;1
WBGene00019298;K02D7.1;0;1;1;1
WBGene00019285;cbn-1;0;1;1;1
WBGene00019236;H23N18.5;0;1;0;1
WBGene00019212;H19M22.3;0;1;0;1
WBGene00019196;H14A12.3;0;1;0;0
WBGene00019184;H10E21.4;0;1;1;1
WBGene00019153;H04M03.3;0;1;1;0
WBGene00019152;nspb-6;0;1;1;1
WBGene00019148;H03E18.1;0;1;1;1
WBGene00019087;F59A6.5;0;1;0;0
WBGene00018991;F56F11.4;0;1;0;0
WBGene00018971;clec-67;0;1;1;1
WBGene00018969;F56D3.1;0;1;1;1
WBGene00018965;F56D2.3;0;1;1;1
WBGene00018961;mrps-16;0;1;0;0
WBGene00018960;F56D1.2;0;1;1;0
WBGene00018950;F56C9.6;0;1;0;0
WBGene00018948;F56C9.3;0;1;0;0
WBGene00018897;F55F8.9;0;1;0;0
WBGene00018854;nlf-1;0;1;1;1
WBGene00018830;ska-3;0;1;0;0
WBGene00018806;F54D10.5;0;1;0;0
WBGene00018744;F53B3.6;0;1;0;1
WBGene00018742;F53B3.3;0;1;1;1
WBGene00018737;F53B1.4;0;1;1;1
WBGene00018641;F49E10.4;0;1;1;1
WBGene00018640;F49E10.2;0;1;1;1
WBGene00018616;F48G7.5;0;1;1;1
WBGene00018613;skpt-1;0;1;0;0
WBGene00018585;F48A11.4;0;1;0;0
WBGene00018572;lin-42;0;1;1;1
WBGene00018538;F47B7.7;0;1;1;1
WBGene00018514;F46G11.1;0;1;0;1
WBGene00018487;F46C8.8;0;1;1;1
WBGene00018455;fbxc-42;0;1;0;0
WBGene00018446;ceh-83;0;1;0;0
WBGene00018431;F44E7.9;0;1;0;0
WBGene00018393;msra-1;0;1;0;1
WBGene00018343;F42A10.7;0;1;0;0
WBGene00018300;F41G3.3;0;1;1;1
WBGene00018297;F41F3.3;0;1;1;1
WBGene00018256;cutl-28;0;1;1;1
WBGene00018206;ugt-61;0;1;1;1
WBGene00018176;F38B6.7;0;1;0;1
WBGene00018138;folt-2;0;1;1;1
WBGene00018137;bath-41;0;1;0;0
WBGene00018031;F35B3.4;0;1;0;1
WBGene00018016;lrr-1;0;1;0;0
WBGene00018008;vpr-1;0;1;0;0
WBGene00017998;F33D4.6;0;1;0;1
WBGene00017997;mrpl-1;0;1;0;0
WBGene00017991;clec-180;0;1;0;1
WBGene00017990;cec-4;0;1;0;0
WBGene00017986;F32D1.7;0;1;0;0
WBGene00017985;neg-1;0;1;0;0
WBGene00017937;F30H5.3;0;1;1;1
WBGene00017931;picc-1;0;1;0;0
WBGene00017929;grld-1;0;1;0;0
WBGene00017926;F29C4.2;0;1;1;0
WBGene00017892;F28B4.3;0;1;1;1
WBGene00017886;F28B3.5;0;1;0;0
WBGene00017842;nep-12;0;1;1;1
WBGene00017841;F26G1.5;0;1;1;1
WBGene00017835;F26F12.4;0;1;1;1
WBGene00017825;cee-1;0;1;0;0
WBGene00017816;F26B1.2;0;1;0;0
WBGene00017800;F25G6.9;0;1;0;0
WBGene00017766;peli-1;0;1;1;1
WBGene00017765;gcst-1;0;1;0;0
WBGene00017742;nfyc-1;0;1;0;0
WBGene00017712;F22E5.17;0;1;1;0
WBGene00017687;ets-4;0;1;1;1
WBGene00017584;F19B10.2;0;1;1;0
WBGene00017577;F18F11.4;0;1;0;0
WBGene00017560;F18C5.5;0;1;1;1
WBGene00017535;atf-8;0;1;0;0
WBGene00017532;ent-5;0;1;0;0
WBGene00017501;pud-3;0;1;1;1
WBGene00017438;F13H8.5;0;1;1;1
WBGene00017430;bcl-11;0;1;0;1
WBGene00017426;F13C5.5;0;1;1;1
WBGene00017402;F12E12.1;0;1;1;0
WBGene00017376;F11C7.2;0;1;1;0
WBGene00017360;F10E9.11;0;1;0;0
WBGene00017307;F09F9.2;0;1;1;1
WBGene00017305;nspb-12;0;1;1;1
WBGene00017263;F08F3.6;0;1;0;0
WBGene00017184;ncam-1;0;1;1;1
WBGene00017177;F02E8.4;0;1;0;0
WBGene00017154;ugt-57;0;1;1;1
WBGene00017103;klo-2;0;1;1;1
WBGene00017083;kin-33;0;1;1;1
WBGene00017073;D2096.6;0;1;1;1
WBGene00017068;D2092.8;0;1;1;1
WBGene00017052;D2024.4;0;1;0;0
WBGene00017011;eaf-1;0;1;0;0
WBGene00016992;zhit-1;0;1;0;0
WBGene00016962;C56C10.4;0;1;1;1
WBGene00016955;perm-5;0;1;0;0
WBGene00016939;C55B6.1;0;1;1;0
WBGene00016937;tag-294;0;1;0;1
WBGene00016915;C54D2.1;0;1;0;0
WBGene00016898;C53C9.2;0;1;1;0
WBGene00016844;sucg-1;0;1;0;0
WBGene00016824;C50E3.13;0;1;1;0
WBGene00016822;C50E3.11;0;1;0;0
WBGene00016816;C50E3.5;0;1;0;0
WBGene00016734;C46H11.10;0;1;1;1
WBGene00016733;phat-2;0;1;0;1
WBGene00016732;phat-1;0;1;1;1
WBGene00016725;C46H3.2;0;1;1;1
WBGene00016674;C45G9.2;0;1;0;0
WBGene00016632;C44B7.12;0;1;0;0
WBGene00016596;C42D4.3;0;1;0;1
WBGene00016564;cmt-1;0;1;0;0
WBGene00016501;C37C3.9;0;1;0;0
WBGene00016454;C35E7.2;0;1;1;1
WBGene00016449;C35D10.13;0;1;0;0
WBGene00016423;tag-275;0;1;1;1
WBGene00016422;noah-1;0;1;1;1
WBGene00016409;sumv-1;0;1;0;0
WBGene00016387;kbp-5;0;1;0;0
WBGene00016353;C33F10.4;0;1;0;0
WBGene00016313;set-4;0;1;0;0
WBGene00016291;C31H1.8;0;1;0;0
WBGene00016263;C30F12.4;0;1;0;0
WBGene00016242;C30A5.10;0;1;1;1
WBGene00016209;C29E4.12;0;1;0;0
WBGene00016192;bcl-7;0;1;0;0
WBGene00016178;mesp-1;0;1;0;0
WBGene00016163;C27D9.1;0;1;0;0
WBGene00016146;C26F1.1;0;1;1;1
WBGene00016143;eri-9;0;1;0;0
WBGene00016133;C26B9.3;0;1;1;1
WBGene00016106;C25F6.7;0;1;1;1
WBGene00016088;clec-266;0;1;0;1
WBGene00016057;C24D10.6;0;1;0;0
WBGene00016056;C24D10.5;0;1;0;0
WBGene00016033;C24A3.2;0;1;1;1
WBGene00016029;elf-1;0;1;1;0
WBGene00016022;C23H3.9;0;1;1;1
WBGene00015976;C18E3.9;0;1;0;0
WBGene00015971;swsn-2.2;0;1;0;0
WBGene00015899;C17E7.4;0;1;0;0
WBGene00015857;C16D9.1;0;1;1;1
WBGene00015841;skpo-2;0;1;1;1
WBGene00015793;C15C7.7;0;1;1;1
WBGene00015781;C14F11.6;0;1;0;1
WBGene00015742;C13F10.2;0;1;0;0
WBGene00015704;tiam-1;0;1;0;1
WBGene00015702;C11D2.4;0;1;0;0
WBGene00015677;cpg-4;0;1;0;0
WBGene00015647;C09F5.1;0;1;0;1
WBGene00015646;mlt-10;0;1;1;1
WBGene00015645;lips-7;0;1;1;1
WBGene00015565;C07D8.6;0;1;0;0
WBGene00015545;C06G1.1;0;1;1;1
WBGene00015541;C06E7.4;0;1;1;1
WBGene00015538;sams-3;0;1;1;1
WBGene00015504;C06A5.6;0;1;0;0
WBGene00015462;C05C8.5;0;1;0;0
WBGene00015425;C04E6.11;0;1;0;0
WBGene00015413;pdhb-1;0;1;0;0
WBGene00015408;C03H5.6;0;1;1;1
WBGene00015357;C02F12.8;0;1;0;1
WBGene00015353;C02F5.13;0;1;0;0
WBGene00015347;cids-1;0;1;0;0
WBGene00015335;acdh-6;0;1;0;1
WBGene00015327;snpn-1;0;1;0;0
WBGene00015312;C01G8.1;0;1;0;0
WBGene00015300;C01F1.5;0;1;1;1
WBGene00015291;C01B12.8;0;1;0;0
WBGene00015267;chin-1;0;1;0;0
WBGene00015266;BE0003N10.1;0;1;0;0
WBGene00015235;cdc-26;0;1;0;0
WBGene00015188;B0432.7;0;1;0;0
WBGene00015180;B0416.4;0;1;0;0
WBGene00015146;abi-1;0;1;0;0
WBGene00015145;B0336.5;0;1;0;0
WBGene00015134;B0304.2;0;1;0;0
WBGene00015102;cpg-2;0;1;0;0
WBGene00015083;egg-1;0;1;0;0
WBGene00014955;Y102A5C.6;0;1;0;0
WBGene00014667;C06A1.4;0;1;0;0
WBGene00014516;hpo-42;0;1;0;0
WBGene00014244;ZK1307.1;0;1;1;1
WBGene00014234;vps-29;0;1;0;0
WBGene00014224;mrps-23;0;1;0;0
WBGene00014199;ZK1053.4;0;1;1;1
WBGene00014183;ZK1025.3;0;1;0;1
WBGene00014137;clec-187;0;1;1;1
WBGene00014114;tftc-3;0;1;0;0
WBGene00014039;ZK662.2;0;1;1;1
WBGene00014034;ZK643.2;0;1;0;0
WBGene00014013;ZK632.4;0;1;0;0
WBGene00014009;lips-6;0;1;1;1
WBGene00013982;ZK512.1;0;1;0;1
WBGene00013965;ZK287.4;0;1;1;1
WBGene00013902;ZC455.1;0;1;0;1
WBGene00013872;ZC374.2;0;1;1;1
WBGene00013862;wdr-5.3;0;1;0;0
WBGene00013853;ZC116.1;0;1;0;0
WBGene00013851;ZC101.1;0;1;0;1
WBGene00013849;ZC84.6;0;1;1;1
WBGene00013846;ZC84.1;0;1;1;1
WBGene00013726;Y106G6H.16;0;1;0;0
WBGene00013719;Y106G6H.6;0;1;0;0
WBGene00013567;Y75B12B.1;0;1;0;0
WBGene00013553;Y75B8A.18;0;1;0;0
WBGene00013552;gmn-1;0;1;0;0
WBGene00013496;Y70D2A.1;0;1;0;1
WBGene00013381;cyp-31A5;0;1;0;0
WBGene00013380;Y62E10A.14;0;1;0;0
WBGene00013352;lon-8;0;1;1;1
WBGene00013331;Y57G11C.42;0;1;0;1
WBGene00013311;sec-61;0;1;1;0
WBGene00013263;Y57A10A.23;0;1;0;1
WBGene00013241;ung-1;0;1;0;0
WBGene00013208;Y54G9A.5;0;1;0;0
WBGene00013180;cutl-10;0;1;1;1
WBGene00013173;Y53F4B.27;0;1;1;1
WBGene00013171;Y53F4B.25;0;1;0;1
WBGene00013150;Y53F4B.3;0;1;0;0
WBGene00013137;Y53C10A.6;0;1;0;0
WBGene00013135;rga-2;0;1;1;1
WBGene00013124;Y52B11A.4;0;1;0;1
WBGene00013122;impt-1;0;1;0;0
WBGene00013086;arrd-2;0;1;0;0
WBGene00013029;glrx-5;0;1;0;0
WBGene00013025;vha-13;0;1;1;0
WBGene00012982;jmjd-2;0;1;0;0
WBGene00012950;Y47H9C.7;0;1;0;0
WBGene00012942;Y47D3B.6;0;1;1;1
WBGene00012939;Y47D3B.1;0;1;1;1
WBGene00012935;mcm-10;0;1;0;0
WBGene00012891;sorb-1;0;1;0;1
WBGene00012879;fbxa-215;0;1;0;0
WBGene00012814;Y43F8B.3;0;1;1;1
WBGene00012728;Y39G8B.9;0;1;1;1
WBGene00012716;Y39E4B.5;0;1;0;0
WBGene00012698;sws-1;0;1;0;0
WBGene00012697;mrps-35;0;1;0;0
WBGene00012651;orc-4;0;1;0;0
WBGene00012650;orc-1;0;1;0;0
WBGene00012628;Y38H6C.16;0;1;1;1
WBGene00012615;dct-16;0;1;1;1
WBGene00012583;clec-4;0;1;1;1
WBGene00012556;mrps-10;0;1;0;0
WBGene00012553;cco-2;0;1;0;0
WBGene00012546;Y37D8A.4;0;1;0;0
WBGene00012512;ekl-5;0;1;0;0
WBGene00012484;car-1;0;1;0;0
WBGene00012483;Y18D10A.16;0;1;0;0
WBGene00012437;hum-9;0;1;0;1
WBGene00012433;Y11D7A.9;0;1;1;1
WBGene00012429;Y11D7A.5;0;1;0;1
WBGene00012405;ztf-25;0;1;0;0
WBGene00012361;mrpl-12;0;1;1;0
WBGene00012317;ztf-6;0;1;0;1
WBGene00012301;W06D11.3;0;1;1;0
WBGene00012276;his-74;0;1;0;0
WBGene00012261;lpr-3;0;1;1;1
WBGene00012257;lpr-4;0;1;1;1
WBGene00012256;lpr-5;0;1;1;1
WBGene00012255;lpr-6;0;1;1;1
WBGene00012241;W04A8.6;0;1;0;0
WBGene00012221;W03C9.5;0;1;0;0
WBGene00012205;W02B12.10;0;1;0;0
WBGene00012199;mltn-3;0;1;0;1
WBGene00012186;mlt-11;0;1;1;1
WBGene00012127;T28D6.7;0;1;1;1
WBGene00012104;sygl-1;0;1;0;0
WBGene00012074;T27A8.2;0;1;1;0
WBGene00012032;T26C5.2;0;1;0;1
WBGene00012020;gyg-2;0;1;0;0
WBGene00011986;T24D1.3;0;1;0;0
WBGene00011948;T23F1.5;0;1;0;1
WBGene00011945;hpo-24;0;1;0;0
WBGene00011938;alh-13;0;1;1;1
WBGene00011915;T22C1.4;0;1;0;0
WBGene00011908;pash-1;0;1;0;0
WBGene00011906;hsp-12.1;0;1;1;1
WBGene00011895;T21C9.9;0;1;1;1
WBGene00011892;T21C9.4;0;1;0;0
WBGene00011834;dvc-1;0;1;0;0
WBGene00011809;T16G12.8;0;1;1;0
WBGene00011798;T16G1.4;0;1;0;0
WBGene00011796;T16G1.2;0;1;1;1
WBGene00011741;T12G3.6;0;1;0;0
WBGene00011738;T12G3.2;0;1;1;1
WBGene00011689;T10C6.7;0;1;0;0
WBGene00011673;cyp-13A6;0;1;1;1
WBGene00011660;T09E11.11;0;1;1;1
WBGene00011615;lsd-1;0;1;1;1
WBGene00011614;nfya-1;0;1;0;0
WBGene00011589;T07F10.3;0;1;0;0
WBGene00011576;T07C12.12;0;1;0;0
WBGene00011560;T07C4.3;0;1;0;0
WBGene00011559;umps-1;0;1;0;0
WBGene00011548;T06G6.6;0;1;0;1
WBGene00011537;T06E4.10;0;1;1;1
WBGene00011535;T06E4.8;0;1;1;1
WBGene00011531;rsbp-1;0;1;0;1
WBGene00011530;T06D8.10;0;1;1;1
WBGene00011526;cox-15;0;1;0;0
WBGene00011505;pzf-1;0;1;0;0
WBGene00011488;nra-2;0;1;0;0
WBGene00011487;T05E12.6;0;1;1;1
WBGene00011475;T05D4.2;0;1;0;0
WBGene00011464;T05B9.1;0;1;0;0
WBGene00011440;sfxn-1.5;0;1;1;1
WBGene00011412;mrpl-16;0;1;0;0
WBGene00011409;T04A8.7;0;1;0;0
WBGene00011376;gla-3;0;1;0;0
WBGene00011352;rskn-1;0;1;0;0
WBGene00011350;perm-1;0;1;0;0
WBGene00011342;T01G5.7;0;1;1;0
WBGene00011320;T01C3.3;0;1;0;0
WBGene00011312;trcs-2;0;1;0;0
WBGene00011309;R186.8;0;1;0;0
WBGene00011278;R74.2;0;1;1;1
WBGene00011272;dtmk-1;0;1;1;0
WBGene00011266;R13H4.8;0;1;1;1
WBGene00011262;pho-8;0;1;1;1
WBGene00011235;suro-1;0;1;1;1
WBGene00011206;R10E4.11;0;1;0;0
WBGene00011155;R09B3.2;0;1;0;0
WBGene00011107;R07E3.6;0;1;1;1
WBGene00011081;R07B1.9;0;1;1;1
WBGene00011076;scav-5;0;1;1;1
WBGene00011038;R05H5.3;0;1;0;0
WBGene00011006;ugt-47;0;1;1;1
WBGene00010987;R03C1.1;0;1;1;1
WBGene00010975;R01H10.7;0;1;0;0
WBGene00010924;M153.1;0;1;1;1
WBGene00010905;mrps-34;0;1;0;0
WBGene00010893;cutl-9;0;1;1;1
WBGene00010838;M03C11.1;0;1;1;1
WBGene00010830;M02G9.1;0;1;1;1
WBGene00010787;K12D12.5;0;1;0;0
WBGene00010783;mrpl-36;0;1;0;0
WBGene00010780;K11H3.3;0;1;0;0
WBGene00010767;K11B4.2;0;1;0;0
WBGene00010760;K10H10.4;0;1;1;1
WBGene00010744;K10D6.4;0;1;0;1
WBGene00010738;K10D3.4;0;1;1;1
WBGene00010714;mam-3;0;1;1;1
WBGene00010687;K08F9.4;0;1;0;0
WBGene00010678;K08F4.3;0;1;0;0
WBGene00010673;K08E7.5;0;1;1;1
WBGene00010665;K08E3.5;0;1;0;0
WBGene00010624;mrps-15;0;1;0;0
WBGene00010622;K07A12.4;0;1;0;0
WBGene00010621;egg-6;0;1;0;0
WBGene00010616;K07A1.10;0;1;0;0
WBGene00010609;dut-1;0;1;0;0
WBGene00010573;K04H4.2;0;1;1;1
WBGene00010542;K03H1.7;0;1;0;0
WBGene00010524;K03B8.6;0;1;1;1
WBGene00010505;K02D3.2;0;1;1;1
WBGene00010502;K02C4.3;0;1;0;0
WBGene00010498;K02B12.5;0;1;0;0
WBGene00010495;K02B12.2;0;1;1;0
WBGene00010492;meg-1;0;1;0;0
WBGene00010483;K01G12.3;0;1;0;0
WBGene00010468;K01D12.9;0;1;1;1
WBGene00010465;K01D12.6;0;1;0;0
WBGene00010354;cyp-31A2;0;1;0;0
WBGene00010353;H02I12.5;0;1;0;0
WBGene00010351;cbd-1;0;1;0;0
WBGene00010345;F59F5.7;0;1;1;1
WBGene00010341;glo-3;0;1;1;1
WBGene00010328;F59C6.11;0;1;1;1
WBGene00010325;exos-3;0;1;0;0
WBGene00010303;cri-3;0;1;0;0
WBGene00010285;F58H1.2;0;1;1;1
WBGene00010281;F58G11.3;0;1;0;0
WBGene00010274;F58G6.3;0;1;1;1
WBGene00010267;lips-9;0;1;1;1
WBGene00010227;F58A4.2;0;1;0;0
WBGene00010222;F57G12.2;0;1;0;1
WBGene00010185;F57A10.4;0;1;0;0
WBGene00010093;capg-2;0;1;0;0
WBGene00010080;F55A11.7;0;1;0;0
WBGene00010057;F54D5.15;0;1;0;1
WBGene00010039;F54C8.6;0;1;1;1
WBGene00010036;cpar-1;0;1;1;0
WBGene00010015;atad-3;0;1;0;0
WBGene00009984;F53F1.6;0;1;0;1
WBGene00009983;cut-2;0;1;1;1
WBGene00009982;F53F1.4;0;1;1;1
WBGene00009958;madd-4;0;1;1;1
WBGene00009939;ztf-11;0;1;1;0
WBGene00009926;noah-2;0;1;1;1
WBGene00009921;F52B5.2;0;1;0;0
WBGene00009920;abts-1;0;1;0;1
WBGene00009907;F49H6.3;0;1;0;0
WBGene00009904;F49E12.12;0;1;1;1
WBGene00009883;F49C12.14;0;1;1;1
WBGene00009834;lsy-27;0;1;1;1
WBGene00009830;cutl-18;0;1;0;1
WBGene00009701;egg-3;0;1;1;0
WBGene00009661;patr-1;0;1;0;0
WBGene00009659;F43G6.7;0;1;0;0
WBGene00009656;F43G6.3;0;1;0;0
WBGene00009653;F43D9.1;0;1;1;1
WBGene00009627;F42A8.3;0;1;0;0
WBGene00009573;F40E10.5;0;1;1;1
WBGene00009559;mtx-1;0;1;0;0
WBGene00009556;F39B2.5;0;1;0;0
WBGene00009553;hinf-1;0;1;0;0
WBGene00009551;F38H4.10;0;1;0;0
WBGene00009508;row-1;0;1;0;0
WBGene00009488;oac-20;0;1;1;1
WBGene00009448;zfp-2;0;1;0;0
WBGene00009444;F35G12.11;0;1;1;0
WBGene00009404;F35C11.5;0;1;0;0
WBGene00009398;nspb-11;0;1;1;1
WBGene00009385;sas-5;0;1;0;0
WBGene00009372;evl-18;0;1;0;0
WBGene00009367;F33H2.3;0;1;1;0
WBGene00009355;F33A8.7;0;1;0;1
WBGene00009346;F32H2.10;0;1;0;0
WBGene00009337;uig-1;0;1;0;1
WBGene00009331;F32D8.7;0;1;1;1
WBGene00009330;F32D8.5;0;1;1;0
WBGene00009302;F31F6.3;0;1;0;0
WBGene00009301;F31F6.2;0;1;0;0
WBGene00009300;F31F6.1;0;1;0;0
WBGene00009286;F31C3.4;0;1;0;0
WBGene00009272;gras-1;0;1;0;0
WBGene00009257;F29G6.1;0;1;0;1
WBGene00009218;acs-20;0;1;1;1
WBGene00009212;F28D1.2;0;1;0;1
WBGene00009202;aptf-4;0;1;1;1
WBGene00009186;trcs-1;0;1;0;0
WBGene00009179;kbp-3;0;1;0;0
WBGene00009173;prom-1;0;1;0;0
WBGene00009158;F26E4.3;0;1;1;1
WBGene00009138;F25H9.6;0;1;0;0
WBGene00009094;F23H12.5;0;1;1;1
WBGene00009090;fipr-3;0;1;1;0
WBGene00009086;F23D12.2;0;1;0;0
WBGene00009007;otub-3;0;1;0;0
WBGene00009006;F21D5.1;0;1;0;0
WBGene00009004;pfd-6;0;1;0;0
WBGene00008967;F20B10.3;0;1;1;1
WBGene00008959;F19H6.4;0;1;0;0
WBGene00008921;F17C11.10;0;1;0;0
WBGene00008891;clec-42;0;1;1;1
WBGene00008876;F16A11.1;0;1;0;0
WBGene00008875;F15H10.8;0;1;1;1
WBGene00008851;F15B9.8;0;1;0;1
WBGene00008822;F14H3.3;0;1;0;0
WBGene00008780;hxk-1;0;1;0;0
WBGene00008774;F13H10.3;0;1;0;0
WBGene00008733;F13B12.6;0;1;0;0
WBGene00008732;F13B12.4;0;1;1;1
WBGene00008712;F11E6.9;0;1;0;1
WBGene00008710;F11E6.7;0;1;0;0
WBGene00008652;F10D11.6;0;1;1;1
WBGene00008648;F10D11.2;0;1;0;0
WBGene00008607;F09B12.3;0;1;1;1
WBGene00008605;mlt-9;0;1;1;1
WBGene00008602;oac-14;0;1;1;1
WBGene00008594;clec-57;0;1;1;1
WBGene00008566;acox-3;0;1;1;1
WBGene00008560;pho-13;0;1;1;1
WBGene00008559;F07H5.8;0;1;0;1
WBGene00008512;F01G10.10;0;1;0;1
WBGene00008488;F01D4.5;0;1;0;0
WBGene00008477;clec-17;0;1;1;1
WBGene00008464;E02H4.6;0;1;0;0
WBGene00008449;E01G6.1;0;1;1;1
WBGene00008440;DY3.8;0;1;0;0
WBGene00008417;D2030.7;0;1;0;0
WBGene00008401;D2005.6;0;1;1;1
WBGene00008385;D1081.7;0;1;0;0
WBGene00008376;D1054.9;0;1;1;1
WBGene00008314;C54G4.4;0;1;1;1
WBGene00008292;C54C8.4;0;1;1;1
WBGene00008262;ril-1;0;1;0;0
WBGene00008236;C50F4.12;0;1;0;0
WBGene00008220;C50B6.7;0;1;1;1
WBGene00008215;C49F8.3;0;1;1;1
WBGene00008207;C49F5.3;0;1;0;0
WBGene00008174;C48B4.11;0;1;0;0
WBGene00008172;C48B4.9;0;1;0;0
WBGene00008171;C48B4.8;0;1;0;0
WBGene00008157;C47F8.1;0;1;0;0
WBGene00008150;mam-2;0;1;1;1
WBGene00008132;gale-1;0;1;1;0
WBGene00008080;C44B9.3;0;1;0;0
WBGene00008035;C39E9.12;0;1;0;0
WBGene00007999;tag-297;0;1;0;1
WBGene00007996;C38C6.3;0;1;0;1
WBGene00007985;swah-1;0;1;0;0
WBGene00007979;imp-1;0;1;0;0
WBGene00007978;C36B1.11;0;1;0;0
WBGene00007963;cyp-25A1;0;1;0;0
WBGene00007928;C34C12.9;0;1;0;1
WBGene00007914;mys-4;0;1;0;0
WBGene00007868;C32H11.5;0;1;1;1
WBGene00007823;C30H6.5;0;1;0;1
WBGene00007810;C29F7.1;0;1;1;1
WBGene00007806;clec-230;0;1;1;1
WBGene00007797;C29A12.1;0;1;0;0
WBGene00007773;C27C12.3;0;1;0;0
WBGene00007712;mrpl-34;0;1;0;0
WBGene00007710;rsa-1;0;1;0;0
WBGene00007705;C25A1.1;0;1;0;0
WBGene00007643;marc-3;0;1;0;0
WBGene00007630;har-1;0;1;0;0
WBGene00007624;hrde-1;0;1;0;0
WBGene00007589;erg-28;0;1;0;0
WBGene00007580;C14B1.9;0;1;0;0
WBGene00007573;C14B1.2;0;1;0;0
WBGene00007552;C13C12.2;0;1;1;1
WBGene00007545;C13B4.1;0;1;0;0
WBGene00007544;fipr-6;0;1;1;1
WBGene00007543;fipr-7;0;1;1;1
WBGene00007537;fipr-8;0;1;1;1
WBGene00007479;C09F9.2;0;1;1;1
WBGene00007445;C08F8.3;0;1;0;0
WBGene00007443;pfd-1;0;1;0;0
WBGene00007433;swsn-7;0;1;0;0
WBGene00007390;lmtr-3;0;1;0;0
WBGene00007344;C05E7.2;0;1;1;1
WBGene00007343;C05E7.1;0;1;0;1
WBGene00007332;C05C10.5;0;1;0;0
WBGene00007325;C05C9.1;0;1;1;1
WBGene00007267;C03A3.2;0;1;1;1
WBGene00007256;swsn-9;0;1;0;0
WBGene00007242;madf-5;0;1;0;1
WBGene00007210;agmo-1;0;1;1;1
WBGene00007196;B0513.4;0;1;1;1
WBGene00007171;B0393.6;0;1;0;0
WBGene00007168;B0393.3;0;1;0;0
WBGene00007167;rbg-3;0;1;0;0
WBGene00007149;B0334.13;0;1;1;1
WBGene00007122;B0250.5;0;1;0;0
WBGene00007042;pbrm-1;0;1;0;0
WBGene00007041;tag-180;0;1;0;1
WBGene00007018;mdt-18;0;1;0;0
WBGene00007013;mdt-8;0;1;0;0
WBGene00007001;tufm-2;0;1;0;0
WBGene00006997;zyg-12;0;1;0;0
WBGene00006996;zyg-11;0;1;0;0
WBGene00006977;zif-1;0;1;0;0
WBGene00006956;wrt-10;0;1;1;1
WBGene00006955;wrt-9;0;1;1;1
WBGene00006954;wrt-8;0;1;0;1
WBGene00006952;wrt-6;0;1;0;1
WBGene00006950;wrt-4;0;1;1;1
WBGene00006943;wrm-1;0;1;0;0
WBGene00006924;vig-1;0;1;0;0
WBGene00006917;vha-8;0;1;0;0
WBGene00006889;pfd-3;0;1;0;0
WBGene00006870;vab-3;0;1;0;1
WBGene00006868;vab-1;0;1;0;0
WBGene00006829;unc-101;0;1;0;0
WBGene00006818;unc-86;0;1;0;1
WBGene00006807;unc-75;0;1;1;1
WBGene00006804;unc-71;0;1;0;0
WBGene00006795;unc-61;0;1;0;0
WBGene00006793;unc-59;0;1;0;0
WBGene00006781;unc-45;0;1;0;0
WBGene00006778;unc-42;0;1;0;0
WBGene00006777;unc-41;0;1;1;1
WBGene00006776;unc-40;0;1;0;0
WBGene00006773;unc-37;0;1;1;0
WBGene00006772;unc-36;0;1;0;1
WBGene00006749;unc-9;0;1;1;1
WBGene00006746;unc-6;0;1;0;1
WBGene00006706;ubc-9;0;1;0;0
WBGene00006666;twk-11;0;1;1;1
WBGene00006638;tsp-12;0;1;0;0
WBGene00006589;tnt-4;0;1;1;1
WBGene00006586;tni-4;0;1;1;0
WBGene00006583;tnc-2;0;1;1;0
WBGene00006562;tdc-1;0;1;1;0
WBGene00006555;tbx-36;0;1;0;0
WBGene00006543;tbx-2;0;1;0;1
WBGene00006538;tbb-4;0;1;1;1
WBGene00006534;tba-8;0;1;1;1
WBGene00006505;lagr-1;0;1;1;1
WBGene00006492;let-391;0;1;0;0
WBGene00006491;acl-3;0;1;0;0
WBGene00006489;zhit-3;0;1;0;0
WBGene00006474;wdr-5.1;0;1;0;0
WBGene00006443;pak-2;0;1;0;0
WBGene00006392;taf-10;0;1;0;0
WBGene00006366;sym-1;0;1;1;1
WBGene00006363;syd-1;0;1;1;1
WBGene00006324;sup-17;0;1;0;0
WBGene00005653;srr-2;0;1;0;1
WBGene00005025;sqv-7;0;1;0;0
WBGene00005022;sqv-4;0;1;0;0
WBGene00005017;sqt-2;0;1;0;1
WBGene00005016;sqt-1;0;1;0;1
WBGene00004992;spp-7;0;1;0;1
WBGene00004984;spn-4;0;1;0;0
WBGene00004905;snf-6;0;1;0;0
WBGene00004889;smp-1;0;1;0;0
WBGene00004882;smg-4;0;1;0;0
WBGene00004830;slo-1;0;1;1;1
WBGene00004823;skr-17;0;1;0;0
WBGene00004819;skr-13;0;1;0;1
WBGene00004798;sip-1;0;1;0;0
WBGene00004781;set-1;0;1;0;0
WBGene00004764;sel-7;0;1;1;1
WBGene00004749;sdn-1;0;1;1;1
WBGene00004702;rsp-5;0;1;0;0
WBGene00004701;rsp-4;0;1;0;0
WBGene00004698;rsp-1;0;1;0;0
WBGene00004442;rpl-28;0;1;0;0
WBGene00004432;rpl-20;0;1;0;0
WBGene00004398;rol-8;0;1;0;1
WBGene00004397;rol-6;0;1;0;1
WBGene00004391;rnr-1;0;1;0;0
WBGene00004387;rnp-4;0;1;0;0
WBGene00004354;rgs-11;0;1;1;0
WBGene00004352;rgs-9;0;1;0;0
WBGene00004350;rgs-7;0;1;1;0
WBGene00004335;ref-2;0;1;1;1
WBGene00004319;rbr-2;0;1;0;0
WBGene00004312;rba-1;0;1;0;0
WBGene00004305;ran-4;0;1;0;0
WBGene00004300;ram-2;0;1;1;1
WBGene00004264;qua-1;0;1;1;1
WBGene00004244;puf-8;0;1;0;0
WBGene00004243;puf-7;0;1;0;0
WBGene00004242;puf-6;0;1;0;0
WBGene00004239;puf-3;0;1;0;0
WBGene00004233;ptr-19;0;1;1;1
WBGene00004232;ptr-18;0;1;1;1
WBGene00004219;ptr-4;0;1;1;1
WBGene00004217;ptr-2;0;1;0;0
WBGene00004216;ptr-1;0;1;0;1
WBGene00004214;ptp-2;0;1;0;0
WBGene00004212;ptl-1;0;1;1;1
WBGene00004204;swsn-4;0;1;0;0
WBGene00004174;abu-14;0;1;1;1
WBGene00004173;pqn-94;0;1;0;0
WBGene00004163;pqn-82;0;1;0;0
WBGene00004156;pqn-74;0;1;0;1
WBGene00004153;pqn-71;0;1;1;1
WBGene00004135;pqn-48;0;1;0;1
WBGene00004133;abu-13;0;1;1;1
WBGene00004132;ifet-1;0;1;0;0
WBGene00004127;abu-12;0;1;1;1
WBGene00004120;pqn-32;0;1;0;1
WBGene00004115;pqn-26;0;1;1;1
WBGene00004104;pqn-13;0;1;1;1
WBGene00004099;abu-15;0;1;0;1
WBGene00004086;pph-4.2;0;1;0;0
WBGene00004078;pos-1;0;1;0;0
WBGene00004062;pmp-5;0;1;1;1
WBGene00004044;plk-3;0;1;0;0
WBGene00004042;plk-1;0;1;0;0
WBGene00004027;pie-1;0;1;0;0
WBGene00004017;phg-1;0;1;0;1
WBGene00004015;phb-2;0;1;0;0
WBGene00003992;pgl-1;0;1;0;0
WBGene00003979;pes-5;0;1;1;1
WBGene00003955;pcn-1;0;1;0;0
WBGene00003888;osm-8;0;1;0;1
WBGene00003870;ooc-5;0;1;0;0
WBGene00003865;oma-2;0;1;0;0
WBGene00003864;oma-1;0;1;0;0
WBGene00003847;blmp-1;0;1;1;1
WBGene00003816;asns-1;0;1;1;1
WBGene00003786;npa-1;0;1;1;1
WBGene00003783;nos-1;0;1;0;0
WBGene00003762;nlp-24;0;1;1;1
WBGene00003706;nhr-116;0;1;0;0
WBGene00003681;nhr-91;0;1;1;1
WBGene00003661;nhr-71;0;1;0;1
WBGene00003623;nhr-25;0;1;1;1
WBGene00003605;nhr-6;0;1;1;1
WBGene00003591;nex-4;0;1;0;1
WBGene00003567;ncx-2;0;1;1;1
WBGene00003554;nas-38;0;1;0;1
WBGene00003548;nas-30;0;1;1;1
WBGene00003547;nas-29;0;1;0;1
WBGene00003534;nas-15;0;1;1;1
WBGene00003533;nas-14;0;1;1;1
WBGene00003531;nas-12;0;1;0;1
WBGene00003526;nas-7;0;1;1;1
WBGene00003525;nas-6;0;1;0;1
WBGene00003499;mut-2;0;1;0;0
WBGene00003495;mup-2;0;1;1;1
WBGene00003401;mpk-1;0;1;0;0
WBGene00003397;mom-5;0;1;0;0
WBGene00003396;mom-4;0;1;0;0
WBGene00003395;mom-2;0;1;0;0
WBGene00003246;mig-14;0;1;0;0
WBGene00003241;mig-5;0;1;0;0
WBGene00003231;mex-6;0;1;0;0
WBGene00003230;mex-5;0;1;0;0
WBGene00003229;mex-3;0;1;0;0
WBGene00003228;mex-1;0;1;0;0
WBGene00003184;mei-2;0;1;0;0
WBGene00003159;mcm-7;0;1;0;0
WBGene00003158;mcm-6;0;1;0;0
WBGene00003157;mcm-5;0;1;0;0
WBGene00003156;mcm-4;0;1;0;0
WBGene00003155;mcm-3;0;1;0;0
WBGene00003154;mcm-2;0;1;0;0
WBGene00003104;mab-7;0;1;0;1
WBGene00003082;lsm-8;0;1;0;0
WBGene00003076;lsm-1;0;1;0;0
WBGene00003075;lrx-1;0;1;1;1
WBGene00003057;lon-3;0;1;1;1
WBGene00003043;lip-1;0;1;0;0
WBGene00003037;lin-54;0;1;0;0
WBGene00003036;lin-53;0;1;0;0
WBGene00003026;lin-41;0;1;0;0
WBGene00003021;lin-36;0;1;0;0
WBGene00003020;lin-35;0;1;0;0
WBGene00003012;lin-26;0;1;0;0
WBGene00003003;lin-14;0;1;1;1
WBGene00002992;lin-3;0;1;0;0
WBGene00002985;lig-1;0;1;0;0
WBGene00002983;lgx-1;0;1;1;1
WBGene00002804;let-630;0;1;0;0
WBGene00002348;myo-1;0;1;1;1
WBGene00002261;ldb-1;0;1;1;1
WBGene00002225;klp-15;0;1;0;0
WBGene00002221;klp-10;0;1;0;0
WBGene00002181;kal-1;0;1;1;1
WBGene00002148;gon-14;0;1;0;0
WBGene00002144;inx-22;0;1;0;0
WBGene00002136;inx-14;0;1;0;0
WBGene00002128;inx-6;0;1;1;0
WBGene00002123;inx-1;0;1;1;1
WBGene00002116;ins-33;0;1;1;1
WBGene00002076;imb-2;0;1;0;0
WBGene00002072;ima-1;0;1;0;0
WBGene00002055;ifc-1;0;1;0;1
WBGene00002037;hum-4;0;1;1;1
WBGene00002034;htp-3;0;1;0;0
WBGene00002028;hst-1;0;1;0;0
WBGene00002025;hsp-60;0;1;0;0
WBGene00002011;hsp-12.2;0;1;1;0
WBGene00001999;hrp-1;0;1;0;0
WBGene00001993;hpd-1;0;1;1;1
WBGene00001979;hmp-2;0;1;0;0
WBGene00001977;hmg-12;0;1;0;0
WBGene00001976;hmg-11;0;1;1;1
WBGene00001974;hmg-4;0;1;0;0
WBGene00001971;hmg-1.1;0;1;0;0
WBGene00001922;his-48;0;1;0;0
WBGene00001919;his-45;0;1;0;0
WBGene00001898;his-24;0;1;1;1
WBGene00001890;his-16;0;1;1;0
WBGene00001856;hil-5;0;1;0;0
WBGene00001855;hil-4;0;1;0;0
WBGene00001854;hil-3;0;1;1;1
WBGene00001853;hil-2;0;1;1;1
WBGene00001834;hda-1;0;1;0;0
WBGene00001833;hcp-6;0;1;0;0
WBGene00001829;hcp-1;0;1;0;0
WBGene00001808;gut-2;0;1;1;0
WBGene00001730;grl-21;0;1;0;1
WBGene00001725;grl-16;0;1;1;1
WBGene00001724;grl-15;0;1;1;1
WBGene00001716;grl-7;0;1;1;1
WBGene00001714;grl-5;0;1;1;1
WBGene00001707;grh-1;0;1;0;1
WBGene00001703;grd-14;0;1;0;1
WBGene00001702;grd-13;0;1;1;1
WBGene00001695;grd-6;0;1;0;1
WBGene00001691;grd-2;0;1;0;1
WBGene00001690;grd-1;0;1;0;1
WBGene00001609;glp-1;0;1;0;0
WBGene00001607;gln-6;0;1;0;0
WBGene00001606;gln-5;0;1;0;0
WBGene00001599;glh-2;0;1;0;0
WBGene00001597;gld-3;0;1;0;0
WBGene00001595;gld-1;0;1;0;0
WBGene00001585;gfl-1;0;1;0;0
WBGene00001569;meg-3;0;1;0;0
WBGene00001514;xnd-1;0;1;0;0
WBGene00001511;fzy-1;0;1;0;0
WBGene00001490;frm-3;0;1;1;1
WBGene00001435;fkh-3;0;1;0;0
WBGene00001430;fkb-5;0;1;1;1
WBGene00001429;fkb-4;0;1;0;1
WBGene00001427;fkb-2;0;1;0;0
WBGene00001423;fib-1;0;1;0;0
WBGene00001410;feh-1;0;1;1;1
WBGene00001377;eya-1;0;1;1;1
WBGene00001324;eor-1;0;1;0;0
WBGene00001309;emr-1;0;1;0;0
WBGene00001247;elo-9;0;1;1;1
WBGene00001239;elo-1;0;1;0;0
WBGene00001236;elc-1;0;1;0;0
WBGene00001233;eif-3.K;0;1;0;0
WBGene00001193;egl-26;0;1;1;1
WBGene00001148;eat-20;0;1;1;1
WBGene00001104;dsl-2;0;1;1;0
WBGene00001089;dre-1;0;1;1;1
WBGene00001079;dpy-20;0;1;0;0
WBGene00001078;dpy-19;0;1;0;1
WBGene00001073;dpy-11;0;1;0;0
WBGene00001071;dpy-9;0;1;0;1
WBGene00001070;dpy-8;0;1;1;1
WBGene00001069;dpy-7;0;1;1;1
WBGene00001068;dpy-6;0;1;0;1
WBGene00001067;dpy-5;0;1;0;1
WBGene00001066;dpy-4;0;1;0;1
WBGene00001065;dpy-3;0;1;1;1
WBGene00001064;dpy-2;0;1;1;1
WBGene00001061;dpl-1;0;1;0;0
WBGene00001051;cks-1;0;1;0;0
WBGene00001044;dnj-26;0;1;0;0
WBGene00001028;dnj-10;0;1;0;0
WBGene00001026;dnj-8;0;1;0;0
WBGene00001002;div-1;0;1;0;0
WBGene00000942;deb-1;0;1;1;1
WBGene00000935;daz-1;0;1;0;0
WBGene00000928;dao-2;0;1;1;1
WBGene00000913;daf-18;0;1;0;0
WBGene00000896;dad-1;0;1;1;0
WBGene00000894;dab-1;0;1;0;0
WBGene00000893;cyn-17;0;1;1;1
WBGene00000882;cyn-6;0;1;1;1
WBGene00000877;cyn-1;0;1;0;0
WBGene00000866;cyb-2.1;0;1;0;0
WBGene00000785;cpr-5;0;1;1;1
WBGene00000778;cpn-2;0;1;1;1
WBGene00000765;coq-5;0;1;0;0
WBGene00000755;col-182;0;1;0;1
WBGene00000749;col-176;0;1;0;1
WBGene00000747;col-174;0;1;1;1
WBGene00000746;col-173;0;1;0;1
WBGene00000745;col-172;0;1;1;1
WBGene00000743;col-170;0;1;1;1
WBGene00000742;col-169;0;1;1;1
WBGene00000741;col-168;0;1;1;1
WBGene00000740;col-167;0;1;1;1
WBGene00000739;col-166;0;1;1;1
WBGene00000729;col-156;0;1;1;1
WBGene00000727;col-154;0;1;1;1
WBGene00000722;col-149;0;1;1;1
WBGene00000720;col-147;0;1;1;1
WBGene00000717;col-144;0;1;1;1
WBGene00000705;col-131;0;1;1;1
WBGene00000699;col-125;0;1;1;1
WBGene00000691;col-117;0;1;1;1
WBGene00000689;col-115;0;1;1;1
WBGene00000683;col-109;0;1;0;1
WBGene00000681;col-107;0;1;1;1
WBGene00000678;col-104;0;1;0;1
WBGene00000666;col-91;0;1;0;1
WBGene00000665;col-90;0;1;0;1
WBGene00000653;col-77;0;1;0;0
WBGene00000641;col-65;0;1;1;1
WBGene00000634;col-58;0;1;1;1
WBGene00000631;col-54;0;1;1;1
WBGene00000623;col-46;0;1;1;1
WBGene00000618;col-41;0;1;1;1
WBGene00000616;col-39;0;1;1;1
WBGene00000606;col-17;0;1;1;1
WBGene00000603;col-14;0;1;0;1
WBGene00000599;col-10;0;1;1;1
WBGene00000594;col-3;0;1;1;1
WBGene00000550;clu-1;0;1;0;0
WBGene00000497;chs-2;0;1;1;1
WBGene00000496;chs-1;0;1;1;0
WBGene00000488;che-7;0;1;0;1
WBGene00000479;cgh-1;0;1;0;0
WBGene00000469;ces-2;0;1;1;0
WBGene00000465;cpg-1;0;1;0;0
WBGene00000463;ceh-43;0;1;1;1
WBGene00000462;ceh-41;0;1;0;0
WBGene00000460;ceh-39;0;1;0;0
WBGene00000459;ceh-38;0;1;0;0
WBGene00000455;ceh-34;0;1;0;0
WBGene00000453;ceh-32;0;1;1;1
WBGene00000449;ceh-27;0;1;1;1
WBGene00000431;ceh-6;0;1;0;0
WBGene00000423;ced-9;0;1;0;0
WBGene00000422;ced-8;0;1;1;0
WBGene00000413;cdt-1;0;1;0;0
WBGene00000411;cdl-1;0;1;0;0
WBGene00000405;cdk-1;0;1;0;0
WBGene00000402;cdh-10;0;1;0;1
WBGene00000392;cdd-2;0;1;0;0
WBGene00000387;cdc-25.2;0;1;1;1
WBGene00000386;cdc-25.1;0;1;0;0
WBGene00000376;ccr-4;0;1;0;0
WBGene00000368;ccb-1;0;1;1;1
WBGene00000284;cah-6;0;1;1;1
WBGene00000249;bir-1;0;1;0;0
WBGene00000198;art-1;0;1;0;0
WBGene00000146;ape-1;0;1;0;0
WBGene00000144;apc-10;0;1;0;0
WBGene00000098;air-1;0;1;0;0
WBGene00000082;adt-1;0;1;1;1
WBGene00000047;acr-8;0;1;1;1
WBGene00000034;abu-11;0;1;1;1
WBGene00000033;abu-10;0;1;1;1
WBGene00000031;abu-8;0;1;1;1
WBGene00000007;aat-6;0;1;1;1
WBGene00235287;Y55F3C.17;0;0;1;1
WBGene00220008;K07C5.18;0;0;1;0
WBGene00195176;Y43F8B.24;0;0;1;1
WBGene00194769;Y32B12C.5;0;0;1;1
WBGene00045373;Y46G5A.40;0;0;1;0
WBGene00045088;F48A11.7;0;0;1;0
WBGene00045074;R166.7;0;0;1;0
WBGene00045051;K11H12.13;0;0;1;0
WBGene00045013;F08A7.1;0;0;1;0
WBGene00044963;K07C5.11;0;0;1;0
WBGene00044948;K11H12.12;0;0;1;0
WBGene00044942;F54E7.11;0;0;1;0
WBGene00044941;F54E7.10;0;0;1;0
WBGene00044932;Y37E3.22;0;0;1;0
WBGene00044637;rft-1;0;0;1;0
WBGene00044281;R04A9.7;0;0;1;1
WBGene00023469;C16A3.11;0;0;1;0
WBGene00023468;B0412.6;0;0;1;0
WBGene00023452;mir-353;0;0;1;0
WBGene00023428;K07C5.10;0;0;1;0
WBGene00023068;F54D7.7;0;0;1;0
WBGene00023067;F54D7.6;0;0;1;0
WBGene00022860;ZK1193.4;0;0;1;0
WBGene00022789;lron-2;0;0;1;1
WBGene00022389;pde-6;0;0;1;1
WBGene00022265;Y73C8C.8;0;0;1;0
WBGene00022202;Y72A10A.1;0;0;1;1
WBGene00022073;Y67D8C.9;0;0;1;1
WBGene00022047;Y66H1A.5;0;0;1;1
WBGene00021950;cutl-26;0;0;1;1
WBGene00021690;Y48G8AL.12;0;0;1;1
WBGene00021576;fbxc-51;0;0;1;1
WBGene00021565;Y45G12C.1;0;0;1;1
WBGene00021362;Y37E11AL.6;0;0;1;1
WBGene00021148;W10G11.19;0;0;1;1
WBGene00021133;tomm-22;0;0;1;0
WBGene00021070;cpr-8;0;0;1;1
WBGene00020989;W03D8.8;0;0;1;0
WBGene00020919;set-19;0;0;1;1
WBGene00020902;jmjc-1;0;0;1;1
WBGene00020756;T24A6.20;0;0;1;1
WBGene00020688;T22D1.11;0;0;1;1
WBGene00020390;T10B5.4;0;0;1;1
WBGene00020368;ast-1;0;0;1;1
WBGene00020258;T05E7.1;0;0;1;0
WBGene00020216;trap-2;0;0;1;1
WBGene00020163;T02G5.3;0;0;1;1
WBGene00020160;igcm-3;0;0;1;1
WBGene00020012;R11G1.6;0;0;1;1
WBGene00020006;set-15;0;0;1;1
WBGene00019999;srab-14;0;0;1;1
WBGene00019935;R07E4.1;0;0;1;1
WBGene00019904;twk-49;0;0;1;1
WBGene00019803;PDB1.1;0;0;1;1
WBGene00019565;cyp-35A3;0;0;1;1
WBGene00019428;dgk-5;0;0;1;1
WBGene00019368;K03H6.2;0;0;1;1
WBGene00019345;tmem-135;0;0;1;1
WBGene00019279;K01A2.4;0;0;1;1
WBGene00019272;H42K12.3;0;0;1;1
WBGene00019143;H01M10.1;0;0;1;1
WBGene00019064;myo-5;0;0;1;1
WBGene00019022;F58A6.1;0;0;1;0
WBGene00018906;egas-4;0;0;1;0
WBGene00018639;tbc-16;0;0;1;1
WBGene00018606;F48E3.6;0;0;1;1
WBGene00018604;uggt-1;0;0;1;1
WBGene00018472;nep-16;0;0;1;1
WBGene00018468;tag-80;0;0;1;1
WBGene00018407;F44B9.2;0;0;1;0
WBGene00018398;sptl-2;0;0;1;1
WBGene00018355;ceh-86;0;0;1;1
WBGene00018280;F41C6.7;0;0;1;1
WBGene00018221;F40A3.6;0;0;1;0
WBGene00018219;F40A3.4;0;0;1;0
WBGene00017798;slc-17.8;0;0;1;1
WBGene00017755;zip-8;0;0;1;1
WBGene00017678;asp-12;0;0;1;0
WBGene00017625;cgt-2;0;0;1;0
WBGene00017606;ets-6;0;0;1;0
WBGene00017571;jmjd-3.1;0;0;1;1
WBGene00017369;F10G7.5;0;0;1;1
WBGene00017297;F09E10.7;0;0;1;0
WBGene00017133;EEED8.2;0;0;1;1
WBGene00016998;D1005.4;0;0;1;1
WBGene00016893;C53B7.2;0;0;1;1
WBGene00016879;C52D10.12;0;0;1;1
WBGene00016841;magu-3;0;0;1;1
WBGene00016757;C49A9.3;0;0;1;1
WBGene00016641;C44C1.1;0;0;1;0
WBGene00016539;madd-2;0;0;1;1
WBGene00016265;nmur-4;0;0;1;1
WBGene00016260;C30F12.1;0;0;1;1
WBGene00015954;C18B2.3;0;0;1;1
WBGene00015777;sfxn-2;0;0;1;0
WBGene00015759;C14C6.5;0;0;1;1
WBGene00015752;C14B9.2;0;0;1;1
WBGene00015748;C14A11.2;0;0;1;0
WBGene00015676;mct-6;0;0;1;1
WBGene00015546;C06G1.2;0;0;1;0
WBGene00015474;C05D9.7;0;0;1;1
WBGene00015471;lmp-2;0;0;1;1
WBGene00015403;clec-10;0;0;1;1
WBGene00015400;cyp-35A2;0;0;1;1
WBGene00015333;slc-17.3;0;0;1;0
WBGene00015328;C02B10.3;0;0;1;1
WBGene00015168;pdi-6;0;0;1;1
WBGene00015137;B0310.1;0;0;1;1
WBGene00015112;B0281.5;0;0;1;0
WBGene00015087;B0252.1;0;0;1;1
WBGene00014669;C06G8.3;0;0;1;1
WBGene00014308;F07H5.4;0;0;1;0
WBGene00014141;ZK899.2;0;0;1;1
WBGene00014094;ZK829.3;0;0;1;0
WBGene00013976;nhr-33;0;0;1;0
WBGene00013860;ZC247.2;0;0;1;1
WBGene00013693;Y105E8B.9;0;0;1;1
WBGene00013683;zoo-1;0;0;1;1
WBGene00013518;Y73F8A.5;0;0;1;1
WBGene00013216;Y54G11A.7;0;0;1;1
WBGene00013082;grdn-1;0;0;1;1
WBGene00013042;cccp-1;0;0;1;1
WBGene00012723;Y39G8B.2;0;0;1;0
WBGene00012608;Y38F1A.6;0;0;1;1
WBGene00012420;Y7A9D.1;0;0;1;1
WBGene00012404;Y6G8.2;0;0;1;1
WBGene00012259;sulp-7;0;0;1;1
WBGene00012158;ucr-2.1;0;0;1;1
WBGene00012136;T28F4.1;0;0;1;1
WBGene00012124;T28D6.4;0;0;1;1
WBGene00012099;acc-4;0;0;1;1
WBGene00012094;T27E9.2;0;0;1;0
WBGene00011949;T23F6.1;0;0;1;1
WBGene00011757;cht-2;0;0;1;1
WBGene00011679;ucr-2.2;0;0;1;1
WBGene00011594;T07G12.3;0;0;1;0
WBGene00011432;sdz-30;0;0;1;1
WBGene00011397;T03E6.8;0;0;1;1
WBGene00011361;T01H10.8;0;0;1;1
WBGene00011353;T01H8.2;0;0;1;1
WBGene00010858;M04C9.3;0;0;1;0
WBGene00010774;K11E4.2;0;0;1;1
WBGene00010749;K10D11.5;0;0;1;1
WBGene00010742;K10D6.2;0;0;1;1
WBGene00010725;erv-46;0;0;1;0
WBGene00010319;F59B10.3;0;0;1;1
WBGene00010258;F58E6.11;0;0;1;1
WBGene00010192;F57B7.2;0;0;1;1
WBGene00010033;F54B11.10;0;0;1;1
WBGene00009800;rrc-1;0;0;1;1
WBGene00009739;F45H10.2;0;0;1;0
WBGene00009717;dep-1;0;0;1;1
WBGene00009698;F44F1.6;0;0;1;1
WBGene00009629;sprr-2;0;0;1;0
WBGene00009625;F41E7.9;0;0;1;1
WBGene00009493;hrg-4;0;0;1;1
WBGene00008932;F18A11.5;0;0;1;0
WBGene00008787;F14B6.6;0;0;1;0
WBGene00008749;F13E6.5;0;0;1;0
WBGene00008584;F08G5.6;0;0;1;1
WBGene00008221;nhr-168;0;0;1;1
WBGene00008205;sams-1;0;0;1;0
WBGene00008200;C49C3.10;0;0;1;0
WBGene00008093;lron-1;0;0;1;1
WBGene00007943;C34F6.9;0;0;1;1
WBGene00007687;C18E9.7;0;0;1;1
WBGene00007679;C18D11.1;0;0;1;0
WBGene00007528;C11H1.2;0;0;1;1
WBGene00007431;C08B6.11;0;0;1;1
WBGene00007404;best-5;0;0;1;1
WBGene00007388;folt-1;0;0;1;1
WBGene00007350;sucl-1;0;0;1;1
WBGene00007266;C03A3.1;0;0;1;1
WBGene00007116;B0198.3;0;0;1;1
WBGene00007072;ugt-1;0;0;1;1
WBGene00006970;zag-1;0;0;1;1
WBGene00006951;wrt-5;0;0;1;0
WBGene00006911;vha-2;0;0;1;0
WBGene00006853;unc-130;0;0;1;1
WBGene00006836;unc-112;0;0;1;1
WBGene00006824;unc-95;0;0;1;1
WBGene00006811;unc-79;0;0;1;1
WBGene00006809;unc-77;0;0;1;1
WBGene00006801;unc-68;0;0;1;1
WBGene00006787;unc-52;0;0;1;0
WBGene00006748;unc-8;0;0;1;1
WBGene00006747;unc-7;0;0;1;1
WBGene00006668;twk-13;0;0;1;1
WBGene00006635;tsp-9;0;0;1;1
WBGene00006634;tsp-8;0;0;1;0
WBGene00006494;hke-4.2;0;0;1;1
WBGene00006367;sym-2;0;0;1;1
WBGene00006364;syd-2;0;0;1;1
WBGene00005657;srr-6;0;0;1;1
WBGene00004912;sng-1;0;0;1;1
WBGene00004910;snf-11;0;0;1;1
WBGene00004789;sgk-1;0;0;1;0
WBGene00004507;rpy-1;0;0;1;1
WBGene00004423;rpl-11.2;0;0;1;1
WBGene00004193;prx-3;0;0;1;0
WBGene00004048;plx-2;0;0;1;1
WBGene00004037;plc-2;0;0;1;1
WBGene00004033;pkc-2;0;0;1;1
WBGene00003982;pes-9;0;0;1;0
WBGene00003963;pdi-2;0;0;1;1
WBGene00003932;pat-6;0;0;1;0
WBGene00003931;pat-4;0;0;1;1
WBGene00003719;nhr-129;0;0;1;0
WBGene00003704;nhr-114;0;0;1;1
WBGene00003689;nhr-99;0;0;1;1
WBGene00003611;nhr-12;0;0;1;0
WBGene00003569;ncx-4;0;0;1;1
WBGene00003568;ncx-3;0;0;1;1
WBGene00003564;ncs-2;0;0;1;1
WBGene00003515;myo-3;0;0;1;1
WBGene00003514;myo-2;0;0;1;1
WBGene00003369;mlc-1;0;0;1;1
WBGene00003238;mig-1;0;0;1;1
WBGene00003233;mgl-2;0;0;1;1
WBGene00003090;lys-1;0;0;1;0
WBGene00002989;lim-7;0;0;1;1
WBGene00002269;lec-6;0;0;1;0
WBGene00002266;lec-3;0;0;1;1
WBGene00002243;lad-2;0;0;1;1
WBGene00002234;kqt-2;0;0;1;1
WBGene00002213;kin-32;0;0;1;1
WBGene00002179;jph-1;0;0;1;1
WBGene00002134;inx-12;0;0;1;1
WBGene00002132;inx-10;0;0;1;1
WBGene00002127;inx-5;0;0;1;1
WBGene00002065;iff-2;0;0;1;1
WBGene00002007;hsp-3;0;0;1;1
WBGene00001776;gst-28;0;0;1;0
WBGene00001709;grk-2;0;0;1;1
WBGene00001650;gon-1;0;0;1;1
WBGene00001644;gly-19;0;0;1;0
WBGene00001572;gei-15;0;0;1;1
WBGene00001520;gas-1;0;0;1;0
WBGene00001484;fox-1;0;0;1;1
WBGene00001475;fmi-1;0;0;1;1
WBGene00001331;erd-2;0;0;1;1
WBGene00001253;elt-6;0;0;1;1
WBGene00001210;egl-46;0;0;1;1
WBGene00001163;efn-2;0;0;1;1
WBGene00001135;eat-4;0;0;1;1
WBGene00001131;dys-1;0;0;1;1
WBGene00001000;dim-1;0;0;1;1
WBGene00000995;die-1;0;0;1;1
WBGene00000966;dhs-2;0;0;1;0
WBGene00000897;daf-1;0;0;1;0
WBGene00000858;cwn-2;0;0;1;1
WBGene00000781;cpr-1;0;0;1;0
WBGene00000753;col-180;0;0;1;1
WBGene00000541;cln-3.3;0;0;1;1
WBGene00000493;che-14;0;0;1;0
WBGene00000482;chd-3;0;0;1;1
WBGene00000461;ceh-40;0;0;1;1
WBGene00000425;ced-11;0;0;1;1
WBGene00000401;cdh-9;0;0;1;1
WBGene00000266;bre-1;0;0;1;1
WBGene00000262;bra-1;0;0;1;0
WBGene00000207;asb-2;0;0;1;1
WBGene00000195;arr-1;0;0;1;1
WBGene00000164;apm-3;0;0;1;1
WBGene00220261;ZC434.10;0;0;0;1
WBGene00175027;W02F12.8;0;0;0;1
WBGene00077591;C06G1.6;0;0;0;1
WBGene00077521;maf-1;0;0;0;1
WBGene00050875;bah-1;0;0;0;1
WBGene00045394;ZK813.7;0;0;0;1
WBGene00045246;C29E4.15;0;0;0;1
WBGene00044770;C53C11.5;0;0;0;1
WBGene00044701;AH9.6;0;0;0;1
WBGene00044698;K09F5.6;0;0;0;1
WBGene00044630;bus-17;0;0;0;1
WBGene00044481;ZK185.5;0;0;0;1
WBGene00044330;alr-1;0;0;0;1
WBGene00044079;tag-241;0;0;0;1
WBGene00044070;set-18;0;0;0;1
WBGene00044068;syd-9;0;0;0;1
WBGene00023405;sor-1;0;0;0;1
WBGene00022820;ZK813.1;0;0;0;1
WBGene00022788;slc-17.7;0;0;0;1
WBGene00022675;gbb-2;0;0;0;1
WBGene00022627;ZC513.2;0;0;0;1
WBGene00022615;ZC449.5;0;0;0;1
WBGene00022593;ZC328.3;0;0;0;1
WBGene00022584;ZC266.1;0;0;0;1
WBGene00022538;ZC190.4;0;0;0;1
WBGene00022503;ZC13.2;0;0;0;1
WBGene00022469;Y119C1B.3;0;0;0;1
WBGene00022397;Y97E10AR.2;0;0;0;1
WBGene00022240;shl-1;0;0;0;1
WBGene00022106;lgc-46;0;0;0;1
WBGene00022076;daao-1;0;0;0;1
WBGene00022033;Y65B4BL.1;0;0;0;1
WBGene00021963;lipl-6;0;0;0;1
WBGene00021915;Y55D5A.1;0;0;0;1
WBGene00021870;samt-1;0;0;0;1
WBGene00021645;Y47G6A.19;0;0;0;1
WBGene00021629;scpl-3;0;0;0;1
WBGene00021614;Y47A7.2;0;0;0;1
WBGene00021528;gbb-1;0;0;0;1
WBGene00021463;zeel-1;0;0;0;1
WBGene00021396;cutl-24;0;0;0;1
WBGene00021388;Y37F4.7;0;0;0;1
WBGene00021343;cutl-23;0;0;0;1
WBGene00021128;W10C8.5;0;0;0;1
WBGene00021080;W08A12.3;0;0;0;1
WBGene00020921;W01C8.5;0;0;0;1
WBGene00020893;T28C12.6;0;0;0;1
WBGene00020846;T27A10.6;0;0;0;1
WBGene00020801;T25D10.4;0;0;0;1
WBGene00020800;zig-10;0;0;0;1
WBGene00020766;T24C12.4;0;0;0;1
WBGene00020765;T24C12.3;0;0;0;1
WBGene00020735;T23F2.2;0;0;0;1
WBGene00020673;T22B7.4;0;0;0;1
WBGene00020648;T21D12.7;0;0;0;1
WBGene00020550;T17H7.1;0;0;0;1
WBGene00020491;T13G4.4;0;0;0;1
WBGene00020443;esyt-2;0;0;0;1
WBGene00020396;T10B5.10;0;0;0;1
WBGene00020330;T07H6.1;0;0;0;1
WBGene00020247;T05B11.4;0;0;0;1
WBGene00020222;fut-6;0;0;0;1
WBGene00020190;guk-1;0;0;0;1
WBGene00020130;igcm-2;0;0;0;1
WBGene00020069;R13H7.2;0;0;0;1
WBGene00019840;R02F11.2;0;0;0;1
WBGene00019819;R02D3.1;0;0;0;1
WBGene00019751;M03D4.4;0;0;0;1
WBGene00019497;K07E8.6;0;0;0;1
WBGene00019493;catp-5;0;0;0;1
WBGene00019426;cutl-16;0;0;0;1
WBGene00019408;K05F1.6;0;0;0;1
WBGene00019346;K02G10.5;0;0;0;1
WBGene00019344;dhhc-10;0;0;0;1
WBGene00019289;kcc-3;0;0;0;1
WBGene00019249;H28G03.1;0;0;0;1
WBGene00019188;H11E01.3;0;0;0;1
WBGene00018952;F56C9.8;0;0;0;1
WBGene00018931;ugt-52;0;0;0;1
WBGene00018886;npr-28;0;0;0;1
WBGene00018787;cutl-20;0;0;0;1
WBGene00018749;F53C3.5;0;0;0;1
WBGene00018707;oac-31;0;0;0;1
WBGene00018682;aagr-4;0;0;0;1
WBGene00018520;F46H5.4;0;0;0;1
WBGene00018418;F44E2.4;0;0;0;1
WBGene00018392;insc-1;0;0;0;1
WBGene00018369;mig-39;0;0;0;1
WBGene00018281;tbc-18;0;0;0;1
WBGene00018187;F38E9.5;0;0;0;1
WBGene00018175;F38B6.6;0;0;0;1
WBGene00018073;F35H10.10;0;0;0;1
WBGene00018018;F33G12.6;0;0;0;1
WBGene00017983;F32D1.3;0;0;0;1
WBGene00017980;F32B5.7;0;0;0;1
WBGene00017947;mth-2;0;0;0;1
WBGene00017900;F28E10.1;0;0;0;1
WBGene00017861;F27D9.2;0;0;0;1
WBGene00017814;F26A10.2;0;0;0;1
WBGene00017657;F21C10.7;0;0;0;1
WBGene00017616;F20A1.4;0;0;0;1
WBGene00017557;nep-11;0;0;0;1
WBGene00017541;F17E9.4;0;0;0;1
WBGene00017448;F14B8.6;0;0;0;1
WBGene00017447;F14B8.5;0;0;0;1
WBGene00017437;nmgp-1;0;0;0;1
WBGene00017419;F13B9.1;0;0;0;1
WBGene00017381;ddr-2;0;0;0;1
WBGene00017380;F11D5.1;0;0;0;1
WBGene00017350;F10E7.9;0;0;0;1
WBGene00017309;F09F9.4;0;0;0;1
WBGene00017039;trk-1;0;0;0;1
WBGene00017028;dex-1;0;0;0;1
WBGene00016975;nhr-173;0;0;0;1
WBGene00016945;sulp-1;0;0;0;1
WBGene00016871;inso-1;0;0;0;1
WBGene00016845;C50F7.5;0;0;0;1
WBGene00016744;bbs-9;0;0;0;1
WBGene00016728;C46H11.2;0;0;0;1
WBGene00016706;C46C11.3;0;0;0;1
WBGene00016617;C43H6.4;0;0;0;1
WBGene00016520;C39B5.2;0;0;0;1
WBGene00016458;C35E7.6;0;0;0;1
WBGene00016456;C35E7.4;0;0;0;1
WBGene00016343;C33D12.2;0;0;0;1
WBGene00016295;fbxc-40;0;0;0;1
WBGene00016274;C30G12.2;0;0;0;1
WBGene00016237;C29H12.6;0;0;0;1
WBGene00016108;C25G6.3;0;0;0;1
WBGene00016103;dpyd-1;0;0;0;1
WBGene00016067;C24H10.1;0;0;0;1
WBGene00015934;ceh-48;0;0;0;1
WBGene00015868;C16H3.3;0;0;0;1
WBGene00015865;C16E9.1;0;0;0;1
WBGene00015824;C16B8.4;0;0;0;1
WBGene00015779;lrch-1;0;0;0;1
WBGene00015776;dct-1;0;0;0;1
WBGene00015552;C06G3.6;0;0;0;1
WBGene00015548;C06G1.5;0;0;0;1
WBGene00015547;ain-1;0;0;0;1
WBGene00015544;C06E8.5;0;0;0;1
WBGene00015480;C05D10.4;0;0;0;1
WBGene00015391;sdha-1;0;0;0;1
WBGene00015369;ugt-51;0;0;0;1
WBGene00015356;tag-278;0;0;0;1
WBGene00015344;nra-4;0;0;0;1
WBGene00015336;C02D5.2;0;0;0;1
WBGene00015303;rga-6;0;0;0;1
WBGene00015268;BE0003N10.3;0;0;0;1
WBGene00015218;B0507.1;0;0;0;1
WBGene00015177;tmc-2;0;0;0;1
WBGene00015063;B0228.6;0;0;0;1
WBGene00015048;faah-2;0;0;0;1
WBGene00015019;B0205.4;0;0;0;1
WBGene00015002;B0034.1;0;0;0;1
WBGene00014505;T05E11.9;0;0;0;1
WBGene00014215;obr-3;0;0;0;1
WBGene00014171;nep-26;0;0;0;1
WBGene00014159;arrd-4;0;0;0;1
WBGene00014153;vab-23;0;0;0;1
WBGene00014106;ZK856.5;0;0;0;1
WBGene00014051;spv-1;0;0;0;1
WBGene00014003;ZK593.3;0;0;0;1
WBGene00013970;klu-1;0;0;0;1
WBGene00013960;cutl-8;0;0;0;1
WBGene00013947;ZK228.4;0;0;0;1
WBGene00013920;pssy-1;0;0;0;1
WBGene00013895;ZC434.9;0;0;0;1
WBGene00013891;ZC434.3;0;0;0;1
WBGene00013650;Y105C5B.9;0;0;0;1
WBGene00013592;Y81G3A.4;0;0;0;1
WBGene00013575;acs-5;0;0;0;1
WBGene00013458;Y67A10A.9;0;0;0;1
WBGene00013415;Y64G10A.6;0;0;0;1
WBGene00013326;anoh-2;0;0;0;1
WBGene00013317;Y57G11C.22;0;0;0;1
WBGene00013297;Y57G11B.5;0;0;0;1
WBGene00012648;Y39A1A.9;0;0;0;1
WBGene00012635;Y38H8A.1;0;0;0;1
WBGene00012306;W06F12.2;0;0;0;1
WBGene00012289;W05H12.1;0;0;0;1
WBGene00012239;W04A8.4;0;0;0;1
WBGene00012226;W03G11.4;0;0;0;1
WBGene00012162;sek-6;0;0;0;1
WBGene00012125;T28D6.5;0;0;0;1
WBGene00012100;sipa-1;0;0;0;1
WBGene00012073;cpd-2;0;0;0;1
WBGene00011955;cdka-1;0;0;0;1
WBGene00011923;chhy-1;0;0;0;1
WBGene00011904;hlb-1;0;0;0;1
WBGene00011802;T16G1.9;0;0;0;1
WBGene00011794;nep-21;0;0;0;1
WBGene00011771;T14G8.3;0;0;0;1
WBGene00011665;T09F5.1;0;0;0;1
WBGene00011590;bus-19;0;0;0;1
WBGene00011572;mam-5;0;0;0;1
WBGene00011545;T06G6.3;0;0;0;1
WBGene00011517;cgt-1;0;0;0;1
WBGene00011495;T05F1.11;0;0;0;1
WBGene00011443;cutl-11;0;0;0;1
WBGene00011433;pde-1;0;0;0;1
WBGene00011345;dma-1;0;0;0;1
WBGene00011326;T01D3.1;0;0;0;1
WBGene00011287;glb-24;0;0;0;1
WBGene00011283;R90.1;0;0;0;1
WBGene00011147;R08D7.7;0;0;0;1
WBGene00011124;sdz-27;0;0;0;1
WBGene00010984;nkat-3;0;0;0;1
WBGene00010968;R01E6.2;0;0;0;1
WBGene00010944;M176.5;0;0;0;1
WBGene00010868;somi-1;0;0;0;1
WBGene00010813;pitp-1;0;0;0;1
WBGene00010796;clip-1;0;0;0;1
WBGene00010724;K09E9.1;0;0;0;1
WBGene00010701;ent-2;0;0;0;1
WBGene00010674;K08E7.6;0;0;0;1
WBGene00010661;tyr-2;0;0;0;1
WBGene00010558;ptp-4;0;0;0;1
WBGene00010553;K04C1.3;0;0;0;1
WBGene00010350;H01G02.3;0;0;0;1
WBGene00010330;F59D12.2;0;0;0;1
WBGene00010288;F58H1.5;0;0;0;1
WBGene00010111;F55D12.2;0;0;0;1
WBGene00010064;F54F7.2;0;0;0;1
WBGene00009851;F48F7.6;0;0;0;1
WBGene00009850;F48F7.5;0;0;0;1
WBGene00009798;F46G10.4;0;0;0;1
WBGene00009729;F45E10.2;0;0;0;1
WBGene00009722;F45D3.2;0;0;0;1
WBGene00009628;tatn-1;0;0;0;1
WBGene00009579;arrd-6;0;0;0;1
WBGene00009432;cld-9;0;0;0;1
WBGene00009375;F34D10.6;0;0;0;1
WBGene00009201;F28C1.3;0;0;0;1
WBGene00009162;F26E4.7;0;0;0;1
WBGene00009156;clec-196;0;0;0;1
WBGene00009100;rgef-1;0;0;0;1
WBGene00009089;jmjd-3.2;0;0;0;1
WBGene00008971;F20C5.6;0;0;0;1
WBGene00008963;F19H8.2;0;0;0;1
WBGene00008806;mboa-7;0;0;0;1
WBGene00008805;git-1;0;0;0;1
WBGene00008746;F13E6.2;0;0;0;1
WBGene00008711;F11E6.8;0;0;0;1
WBGene00008694;F11C1.5;0;0;0;1
WBGene00008656;lron-5;0;0;0;1
WBGene00008634;F10A3.4;0;0;0;1
WBGene00008543;F07A5.4;0;0;0;1
WBGene00008462;E02H4.4;0;0;0;1
WBGene00008451;E01G6.3;0;0;0;1
WBGene00008450;E01G6.2;0;0;0;1
WBGene00008255;C51E3.10;0;0;0;1
WBGene00008176;C48B4.13;0;0;0;1
WBGene00007984;irx-1;0;0;0;1
WBGene00007947;C35A5.3;0;0;0;1
WBGene00007938;C34F6.1;0;0;0;1
WBGene00007934;C34E7.4;0;0;0;1
WBGene00007925;C34C12.6;0;0;0;1
WBGene00007900;C33D9.6;0;0;0;1
WBGene00007799;nrx-1;0;0;0;1
WBGene00007775;acd-3;0;0;0;1
WBGene00007772;egrh-1;0;0;0;1
WBGene00007593;C14H10.3;0;0;0;1
WBGene00007592;C14H10.2;0;0;0;1
WBGene00007529;C11H1.3;0;0;0;1
WBGene00007520;C11E4.6;0;0;0;1
WBGene00007490;mks-5;0;0;0;1
WBGene00007482;C09F12.2;0;0;0;1
WBGene00007321;C05B5.4;0;0;0;1
WBGene00007286;C04A11.2;0;0;0;1
WBGene00007285;C04A11.1;0;0;0;1
WBGene00007282;clec-223;0;0;0;1
WBGene00007177;oac-1;0;0;0;1
WBGene00007139;mnp-1;0;0;0;1
WBGene00007063;2L52.1;0;0;0;1
WBGene00007044;cpna-5;0;0;0;1
WBGene00006978;zig-1;0;0;0;1
WBGene00006869;vab-2;0;0;0;1
WBGene00006852;unc-129;0;0;0;1
WBGene00006844;unc-120;0;0;0;1
WBGene00006832;unc-105;0;0;0;1
WBGene00006831;unc-104;0;0;0;1
WBGene00006830;unc-103;0;0;0;1
WBGene00006825;unc-96;0;0;0;1
WBGene00006815;unc-83;0;0;0;1
WBGene00006792;unc-58;0;0;0;1
WBGene00006784;unc-49;0;0;0;1
WBGene00006779;unc-43;0;0;0;1
WBGene00006774;unc-38;0;0;0;1
WBGene00006771;tln-1;0;0;0;1
WBGene00006757;unc-18;0;0;0;1
WBGene00006756;unc-17;0;0;0;1
WBGene00006752;unc-13;0;0;0;1
WBGene00006750;unc-10;0;0;0;1
WBGene00006743;unc-3;0;0;0;1
WBGene00006742;unc-2;0;0;0;1
WBGene00006657;twk-2;0;0;0;1
WBGene00006655;tub-1;0;0;0;1
WBGene00006640;tsp-14;0;0;0;1
WBGene00006633;tsp-7;0;0;0;1
WBGene00006588;tnt-3;0;0;0;1
WBGene00006531;tba-5;0;0;0;1
WBGene00006527;tax-6;0;0;0;1
WBGene00006508;tag-163;0;0;0;1
WBGene00006476;rhgf-2;0;0;0;1
WBGene00006468;rhgf-1;0;0;0;1
WBGene00006445;tag-68;0;0;0;1
WBGene00006444;shn-1;0;0;0;1
WBGene00006438;nrfl-1;0;0;0;1
WBGene00006424;ctbp-1;0;0;0;1
WBGene00006423;asd-2;0;0;0;1
WBGene00006369;sym-4;0;0;0;1
WBGene00006365;syg-1;0;0;0;1
WBGene00006331;sup-26;0;0;0;1
WBGene00006321;sup-12;0;0;0;1
WBGene00006318;sup-9;0;0;0;1
WBGene00006306;sue-1;0;0;0;1
WBGene00006068;sto-6;0;0;0;1
WBGene00005552;sri-40;0;0;0;1
WBGene00005008;spr-3;0;0;0;1
WBGene00004998;spp-13;0;0;0;1
WBGene00004949;sox-2;0;0;0;1
WBGene00004944;sol-1;0;0;0;1
WBGene00004929;soc-2;0;0;0;1
WBGene00004921;snt-1;0;0;0;1
WBGene00004822;skr-16;0;0;0;1
WBGene00004769;sel-12;0;0;0;1
WBGene00004739;scd-1;0;0;0;1
WBGene00004729;sax-3;0;0;0;1
WBGene00004719;sad-1;0;0;0;1
WBGene00004457;rpm-1;0;0;0;1
WBGene00004370;rig-3;0;0;0;1
WBGene00004349;rgs-6;0;0;0;1
WBGene00004345;rgs-2;0;0;0;1
WBGene00004310;ras-1;0;0;0;1
WBGene00004265;qui-1;0;0;0;1
WBGene00004259;pyr-1;0;0;0;1
WBGene00004257;pxn-2;0;0;0;1
WBGene00004255;epac-1;0;0;0;1
WBGene00004231;ptr-17;0;0;0;1
WBGene00004229;ptr-15;0;0;0;1
WBGene00004226;ptr-12;0;0;0;1
WBGene00004224;ptr-10;0;0;0;1
WBGene00004221;ptr-6;0;0;0;1
WBGene00004220;ptr-5;0;0;0;1
WBGene00004215;ptp-3;0;0;0;1
WBGene00004207;ptb-1;0;0;0;1
WBGene00004146;pqn-63;0;0;0;1
WBGene00004145;pqn-62;0;0;0;1
WBGene00004140;ebax-1;0;0;0;1
WBGene00004134;myrf-1;0;0;0;1
WBGene00004123;pqn-36;0;0;0;1
WBGene00004122;pqn-35;0;0;0;1
WBGene00004038;plc-3;0;0;0;1
WBGene00004013;pha-4;0;0;0;1
WBGene00004010;pha-1;0;0;0;1
WBGene00003936;pat-12;0;0;0;1
WBGene00003933;pat-9;0;0;0;1
WBGene00003849;odr-2;0;0;0;1
WBGene00003778;nnt-1;0;0;0;1
WBGene00003728;nhr-138;0;0;0;1
WBGene00003726;nhr-136;0;0;0;1
WBGene00003630;nhr-40;0;0;0;1
WBGene00003603;nhr-4;0;0;0;1
WBGene00003599;nhl-3;0;0;0;1
WBGene00003566;ncx-1;0;0;0;1
WBGene00003561;ncr-1;0;0;0;1
WBGene00003558;nca-2;0;0;0;1
WBGene00003552;nas-36;0;0;0;1
WBGene00003527;nas-8;0;0;0;1
WBGene00003523;nas-4;0;0;0;1
WBGene00003522;nas-3;0;0;0;1
WBGene00003516;nab-1;0;0;0;1
WBGene00003409;mrp-3;0;0;0;1
WBGene00003407;mrp-1;0;0;0;1
WBGene00003404;mpz-1;0;0;0;1
WBGene00003388;moe-3;0;0;0;1
WBGene00003247;mig-15;0;0;0;1
WBGene00003232;mgl-1;0;0;0;1
WBGene00003172;mec-8;0;0;0;1
WBGene00003166;mec-2;0;0;0;1
WBGene00003162;mdh-2;0;0;0;1
WBGene00003089;ltd-1;0;0;0;1
WBGene00003053;lmp-1;0;0;0;1
WBGene00003001;lin-12;0;0;0;1
WBGene00002991;lin-2;0;0;0;1
WBGene00002975;lev-8;0;0;0;1
WBGene00002827;let-653;0;0;0;1
WBGene00002282;let-4;0;0;0;1
WBGene00002233;kqt-1;0;0;0;1
WBGene00002222;klp-11;0;0;0;1
WBGene00002217;klp-4;0;0;0;1
WBGene00002216;klp-3;0;0;0;1
WBGene00002203;kin-20;0;0;0;1
WBGene00002190;kin-2;0;0;0;1
WBGene00002178;jnk-1;0;0;0;1
WBGene00002163;ist-1;0;0;0;1
WBGene00002141;inx-19;0;0;0;1
WBGene00002140;inx-18;0;0;0;1
WBGene00002081;ina-1;0;0;0;1
WBGene00002031;hst-6;0;0;0;1
WBGene00001984;hog-1;0;0;0;1
WBGene00001948;hlh-1;0;0;0;1
WBGene00001851;hif-1;0;0;0;1
WBGene00001710;grl-1;0;0;0;1
WBGene00001708;grk-1;0;0;0;1
WBGene00001700;grd-11;0;0;0;1
WBGene00001680;gpb-2;0;0;0;1
WBGene00001669;gpa-7;0;0;0;1
WBGene00001608;R07B1.8;0;0;0;1
WBGene00001519;gar-3;0;0;0;1
WBGene00001518;gar-2;0;0;0;1
WBGene00001515;gap-1;0;0;0;1
WBGene00001508;fut-8;0;0;0;1
WBGene00001505;fut-1;0;0;0;1
WBGene00001495;frm-9;0;0;0;1
WBGene00001470;baz-2;0;0;0;1
WBGene00001432;fkb-7;0;0;0;1
WBGene00001428;fkb-3;0;0;0;1
WBGene00001366;exc-5;0;0;0;1
WBGene00001249;elt-1;0;0;0;1
WBGene00001187;egl-19;0;0;0;1
WBGene00001179;egl-10;0;0;0;1
WBGene00001178;egl-9;0;0;0;1
WBGene00001171;egl-2;0;0;0;1
WBGene00001145;eat-16;0;0;0;1
WBGene00001116;dyc-1;0;0;0;1
WBGene00001113;dur-1;0;0;0;1
WBGene00001086;dpy-27;0;0;0;1
WBGene00001074;dpy-13;0;0;0;1
WBGene00001006;dlg-1;0;0;0;1
WBGene00000990;dhs-27;0;0;0;1
WBGene00000959;dgk-2;0;0;0;1
WBGene00000958;dgk-1;0;0;0;1
WBGene00000953;del-2;0;0;0;1
WBGene00000934;dat-1;0;0;0;1
WBGene00000907;daf-11;0;0;0;1
WBGene00000902;daf-6;0;0;0;1
WBGene00000901;daf-5;0;0;0;1
WBGene00000899;daf-3;0;0;0;1
WBGene00000832;ctn-1;0;0;0;1
WBGene00000792;crb-1;0;0;0;1
WBGene00000730;col-157;0;0;0;1
WBGene00000719;col-146;0;0;0;1
WBGene00000718;col-145;0;0;0;1
WBGene00000704;col-130;0;0;0;1
WBGene00000687;col-113;0;0;0;1
WBGene00000672;col-97;0;0;0;1
WBGene00000669;col-94;0;0;0;1
WBGene00000667;col-92;0;0;0;1
WBGene00000625;col-48;0;0;0;1
WBGene00000602;col-13;0;0;0;1
WBGene00000601;col-12;0;0;0;1
WBGene00000553;cmk-1;0;0;0;1
WBGene00000501;cho-1;0;0;0;1
WBGene00000491;che-12;0;0;0;1
WBGene00000490;che-11;0;0;0;1
WBGene00000484;che-2;0;0;0;1
WBGene00000476;cfi-1;0;0;0;1
WBGene00000448;pros-1;0;0;0;1
WBGene00000441;ceh-18;0;0;0;1
WBGene00000403;casy-1;0;0;0;1
WBGene00000399;cdh-7;0;0;0;1
WBGene00000367;cca-1;0;0;0;1
WBGene00000288;cal-4;0;0;0;1
WBGene00000244;bbs-8;0;0;0;1
WBGene00000241;bbs-1;0;0;0;1
WBGene00000232;avr-14;0;0;0;1
WBGene00000224;atgp-1;0;0;0;1
WBGene00000222;atf-6;0;0;0;1
WBGene00000220;atf-2;0;0;0;1
WBGene00000188;arl-3;0;0;0;1
WBGene00000180;arc-1;0;0;0;1
WBGene00000161;apa-2;0;0;0;1
WBGene00000111;alh-5;0;0;0;1
WBGene00000100;ajm-1;0;0;0;1
WBGene00000089;aex-6;0;0;0;1
WBGene00000086;aex-3;0;0;0;1
WBGene00000084;aex-1;0;0;0;1
WBGene00000071;acy-4;0;0;0;1
WBGene00000058;acr-19;0;0;0;1
WBGene00000036;ace-2;0;0;0;1
WBGene00000035;ace-1;0;0;0;1
WBGene00000022;abt-4;0;0;0;1
WBGene00000006;aat-5;0;0;0;1
WBGene00000004;aat-3;0;0;0;1
WBGene00000003;aat-2;0;0;0;1
