ENSEMBL;GENENAME;Ints-1;Ints-2;Ints-6;Ints-7;Ints-8
WBGene00255426;C04G2.14;1;1;1;0;0
WBGene00255375;F08B4.8;1;1;1;0;1
WBGene00236806;D2024.18;1;1;1;0;1
WBGene00235383;ZK616.65;1;0;0;0;0
WBGene00235164;K09F6.13;1;1;1;1;1
WBGene00235133;T26H5.14;1;1;1;0;0
WBGene00235094;K08D9.9;1;0;0;0;0
WBGene00220259;ZK418.13;1;1;1;1;1
WBGene00220239;ZK218.23;1;1;0;1;1
WBGene00220238;ZK185.9;1;0;0;0;0
WBGene00220223;Y105C5A.1284;1;1;1;1;1
WBGene00220203;Y73B6A.14;1;0;1;0;0
WBGene00220117;W03B1.17;1;1;1;1;1
WBGene00220066;T09B9.10;1;0;1;0;0
WBGene00220061;T07D4.7;1;1;1;1;1
WBGene00220002;K02F6.11;1;1;1;1;1
WBGene00219987;F59C6.19;1;1;1;1;1
WBGene00219912;F22H10.10;1;0;1;0;0
WBGene00219893;F15A8.19;1;1;1;0;0
WBGene00219876;F01G12.19;1;0;1;0;0
WBGene00219824;C18C4.17;1;1;1;0;0
WBGene00219822;C17H12.36;1;1;1;1;1
WBGene00219770;linc-40;1;0;0;0;0
WBGene00219700;linc-6;1;1;0;0;0
WBGene00219615;linc-109;1;1;1;1;1
WBGene00219609;linc-7;1;0;0;0;0
WBGene00219581;anr-20;1;0;1;0;0
WBGene00219316;F21A3.11;1;0;0;0;0
WBGene00219289;T05C12.15;1;0;0;0;0
WBGene00219275;Y39G10AR.32;1;1;1;1;1
WBGene00219272;C17C3.24;1;1;1;1;1
WBGene00206494;C15H11.16;1;1;1;1;1
WBGene00206474;T22A3.12;1;1;1;1;1
WBGene00206464;F59C6.18;1;1;1;1;1
WBGene00206459;Y80D4G.1;1;1;0;0;0
WBGene00206420;T26G10.7;1;0;0;0;0
WBGene00206386;K10C2.12;1;0;1;0;0
WBGene00206380;C42D4.18;1;0;1;0;0
WBGene00202504;Y32B12B.8;1;0;1;0;0
WBGene00202041;Y69A2AR.45;1;1;0;0;1
WBGene00198905;T07D4.6;1;0;0;0;1
WBGene00198470;F08G2.15;1;0;0;0;1
WBGene00195377;F45B8.6;1;1;0;1;0
WBGene00194917;Y45F10B.59;1;0;1;1;1
WBGene00194912;ZK856.18;1;1;0;0;0
WBGene00194816;ZK616.61;1;0;0;0;0
WBGene00194783;K03B8.14;1;1;1;1;1
WBGene00194713;F19B10.13;1;1;1;1;1
WBGene00194703;F26B1.8;1;1;1;0;1
WBGene00194700;B0025.5;1;1;1;0;0
WBGene00194695;B0462.5;1;0;1;0;0
WBGene00194691;ZK1098.12;1;0;1;0;0
WBGene00194661;Y57G11C.1131;1;1;1;1;1
WBGene00194649;Y57G11C.1130;1;1;1;1;1
WBGene00194646;Y105C5A.1270;1;1;1;1;1
WBGene00194645;Y105C5A.1269;1;1;1;1;1
WBGene00189952;K10D2.8;1;1;1;0;0
WBGene00175035;F54C9.14;1;1;1;0;0
WBGene00138721;C54D10.14;1;1;1;1;1
WBGene00086568;Y2H9A.6;1;1;1;1;1
WBGene00086560;ZK355.8;1;1;1;1;1
WBGene00077786;F53F8.7;1;1;1;1;1
WBGene00077770;M04D5.3;1;0;0;0;0
WBGene00077699;C45B11.8;1;1;1;0;1
WBGene00077692;C08E8.10;1;1;1;1;0
WBGene00077457;Y39B6A.49;1;1;0;0;0
WBGene00050935;Y37H2A.16;1;1;0;0;0
WBGene00050915;Y6E2A.10;1;1;1;1;0
WBGene00050914;T12B5.15;1;0;1;0;0
WBGene00045484;F34D10.9;1;1;1;1;1
WBGene00045475;T07A5.7;1;1;1;1;0
WBGene00045473;F30A10.14;1;0;1;0;0
WBGene00045468;F08A8.8;1;0;1;0;0
WBGene00045457;F33H12.7;1;1;1;1;1
WBGene00045416;Y37H2A.14;1;1;1;1;0
WBGene00045401;eol-1;1;1;1;1;1
WBGene00045394;ZK813.7;1;0;1;0;0
WBGene00045393;F26D11.13;1;1;1;1;1
WBGene00045388;C38C6.8;1;1;1;0;0
WBGene00045370;ZK265.11;1;1;1;1;1
WBGene00045355;D1086.17;1;1;1;0;0
WBGene00045338;M01B2.13;1;1;1;1;0
WBGene00045328;mir-794;1;1;1;0;0
WBGene00045311;Y57G11C.57;1;1;1;1;1
WBGene00045271;F07G6.10;1;0;1;0;0
WBGene00045265;K10C2.8;1;0;1;0;0
WBGene00045261;H29C22.1;1;0;0;0;0
WBGene00045252;Y62H9A.15;1;0;0;0;0
WBGene00045247;F54H12.8;1;1;1;1;1
WBGene00045245;ttr-34;1;1;1;1;0
WBGene00045239;Y49E10.29;1;0;0;0;0
WBGene00045194;smy-1;1;1;1;1;1
WBGene00045159;smy-3;1;0;1;1;1
WBGene00045060;F55B11.7;1;0;1;1;0
WBGene00045058;gadr-5;1;1;1;1;1
WBGene00045043;Y116A8C.48;1;1;1;1;1
WBGene00045038;F13G11.3;1;0;1;0;0
WBGene00044998;M199.9;1;0;1;0;0
WBGene00044988;W01A8.8;1;0;0;0;0
WBGene00044979;Y41E3.19;1;1;1;1;0
WBGene00044957;C08D8.3;1;1;1;1;1
WBGene00044897;M01D7.9;1;1;1;1;1
WBGene00044804;ZK938.8;1;0;1;0;0
WBGene00044787;C54D10.12;1;1;1;1;1
WBGene00044783;T26H5.10;1;1;1;0;1
WBGene00044773;C08A9.10;1;0;1;0;1
WBGene00044760;Y71H2AM.25;1;1;1;1;1
WBGene00044737;ttr-45;1;1;1;1;1
WBGene00044708;C17H1.13;1;1;1;1;1
WBGene00044696;F52E1.14;1;0;0;0;0
WBGene00044684;T08G11.2;1;1;1;0;1
WBGene00044676;fbxa-42;1;1;1;0;0
WBGene00044665;F59A6.12;1;0;1;0;0
WBGene00044633;F54H12.7;1;1;1;0;1
WBGene00044554;F41E6.15;1;0;1;0;0
WBGene00044527;Y39H10B.2;1;0;1;0;0
WBGene00044514;R09E12.9;1;0;0;0;0
WBGene00044495;Y54G2A.40;1;1;1;1;1
WBGene00044475;F56D6.13;1;0;0;0;0
WBGene00044471;F56D6.9;1;1;1;1;1
WBGene00044469;clec-173;1;0;0;0;0
WBGene00044468;Y69A2AL.2;1;0;0;0;0
WBGene00044457;C18H7.11;1;1;1;0;0
WBGene00044447;ZK688.10;1;1;1;0;0
WBGene00044443;ZC21.10;1;1;1;1;1
WBGene00044434;Y18H1A.15;1;1;0;0;0
WBGene00044427;F56A6.5;1;0;1;0;0
WBGene00044416;C08E3.15;1;1;1;0;1
WBGene00044402;Y82E9BL.18;1;1;1;1;0
WBGene00044379;F40H7.12;1;1;1;1;0
WBGene00044355;ZK563.7;1;0;1;0;0
WBGene00044347;Y71G12B.30;1;1;1;1;1
WBGene00044340;nspc-5;1;0;1;0;0
WBGene00044339;nspc-4;1;0;1;0;0
WBGene00044312;K04C2.8;1;0;1;1;0
WBGene00044300;D1022.9;1;0;0;0;0
WBGene00044272;nspa-4;1;0;0;0;0
WBGene00044257;Y45F10D.16;1;0;1;0;0
WBGene00044238;C30H6.12;1;1;1;1;0
WBGene00044237;C17H1.10;1;1;1;1;1
WBGene00044229;T03F6.8;1;0;0;1;1
WBGene00044212;Y68A4A.13;1;1;1;1;0
WBGene00044209;Y32F6A.6;1;0;1;0;0
WBGene00044206;T26H5.9;1;0;1;0;0
WBGene00044177;C30G7.3;1;1;1;0;0
WBGene00044166;C54C6.7;1;1;1;1;0
WBGene00044139;F42D1.4;1;1;1;0;0
WBGene00044096;srh-96;1;1;1;1;1
WBGene00044081;D1086.11;1;0;1;0;0
WBGene00044080;D1086.10;1;0;1;0;0
WBGene00044073;tag-244;1;0;0;0;0
WBGene00044059;T27C5.12;1;1;1;1;1
WBGene00044005;F37C12.18;1;0;1;1;1
WBGene00043743;Y59E9AL.2;1;1;1;0;0
WBGene00043147;nspd-6;1;1;1;0;0
WBGene00043068;F32E10.9;1;0;0;0;0
WBGene00043062;clec-80;1;0;1;0;0
WBGene00023519;Y60A3A.24;1;1;1;1;1
WBGene00023515;srz-97;1;0;1;1;1
WBGene00023490;F36A2.14;1;1;1;0;1
WBGene00023488;srz-84;1;1;0;0;1
WBGene00023483;Y75B8A.39;1;1;1;1;1
WBGene00023477;nspc-1;1;0;1;0;0
WBGene00023451;mlc-7;1;0;1;0;0
WBGene00023424;C53D6.10;1;1;0;0;1
WBGene00023417;swm-1;1;1;1;0;0
WBGene00023172;Y23H5A.8;1;0;0;0;0
WBGene00022890;fbxa-224;1;0;0;0;0
WBGene00022888;rnh-1.1;1;1;1;1;1
WBGene00022887;ZK1290.5;1;0;1;1;1
WBGene00022884;ZK1248.17;1;1;1;1;1
WBGene00022876;ZK1248.5;1;1;1;0;0
WBGene00022874;nep-25;1;1;1;1;1
WBGene00022859;ZK1193.3;1;0;0;0;0
WBGene00022858;ZK1193.2;1;0;1;0;0
WBGene00022849;acs-6;1;1;1;1;1
WBGene00022848;ZK1055.7;1;1;1;1;1
WBGene00022847;ZK1055.6;1;1;1;1;1
WBGene00022834;ZK973.8;1;1;1;1;0
WBGene00022822;ZK813.3;1;0;1;0;0
WBGene00022821;ZK813.2;1;0;1;0;0
WBGene00022820;ZK813.1;1;0;0;0;0
WBGene00022801;pcp-5;1;0;1;0;0
WBGene00022795;ZK686.5;1;1;0;0;0
WBGene00022761;ZK546.4;1;1;1;0;1
WBGene00022760;ZK546.3;1;0;0;0;0
WBGene00022754;nspd-1;1;1;1;0;0
WBGene00022753;ZK484.7;1;1;1;0;0
WBGene00022752;ZK484.6;1;1;1;1;1
WBGene00022751;ZK484.5;1;1;1;1;0
WBGene00022713;ZK355.3;1;0;1;1;1
WBGene00022712;ZK355.2;1;0;1;0;0
WBGene00022711;irld-63;1;1;1;1;1
WBGene00022709;ZK354.8;1;1;1;1;1
WBGene00022707;ZK354.6;1;0;0;0;0
WBGene00022706;ZK354.3;1;1;1;1;1
WBGene00022705;ZK354.2;1;1;1;1;1
WBGene00022674;ZK177.9;1;1;1;1;1
WBGene00022656;ZK105.5;1;0;1;0;0
WBGene00022653;ZK105.1;1;1;1;1;1
WBGene00022650;ZK84.2;1;0;0;1;0
WBGene00022644;dod-19;1;0;1;0;0
WBGene00022634;ZC581.7;1;1;1;1;1
WBGene00022632;ZC581.2;1;1;1;0;0
WBGene00022621;ZC477.7;1;1;1;0;0
WBGene00022596;ZC395.4;1;0;0;0;0
WBGene00022589;ZC317.6;1;0;0;0;0
WBGene00022572;ZC239.14;1;1;1;1;1
WBGene00022570;sdz-35;1;1;1;1;1
WBGene00022550;droe-8;1;1;1;1;1
WBGene00022548;ZC196.4;1;1;1;0;0
WBGene00022547;ZC196.3;1;1;1;0;0
WBGene00022546;ZC196.2;1;1;1;1;0
WBGene00022545;ZC196.1;1;1;1;1;1
WBGene00022528;srt-13;1;1;1;1;1
WBGene00022515;ttr-48;1;0;1;0;0
WBGene00022500;lfi-1;1;0;0;0;0
WBGene00022497;Y119D3B.21;1;0;1;0;0
WBGene00022490;Y119D3B.13;1;0;1;0;0
WBGene00022479;fbxa-36;1;1;1;0;1
WBGene00022477;fbxa-28;1;0;1;0;0
WBGene00022476;fbxa-75;1;1;1;1;1
WBGene00022467;Y119C1B.1;1;1;0;0;0
WBGene00022427;Y104H12D.3;1;0;0;0;0
WBGene00022375;Y94H6A.2;1;1;1;1;1
WBGene00022348;Y82E9BR.16;1;0;0;0;0
WBGene00022346;Y82E9BR.13;1;1;1;1;1
WBGene00022324;fbxa-26;1;0;0;0;0
WBGene00022279;sesn-1;1;0;0;0;0
WBGene00022276;nlp-40;1;0;0;0;0
WBGene00022250;Y73B6BL.29;1;1;1;0;0
WBGene00022247;lgc-10;1;1;1;1;1
WBGene00022246;acp-7;1;0;1;0;0
WBGene00022228;Y73B6A.1;1;1;1;1;1
WBGene00022203;Y73B3A.1;1;0;0;0;0
WBGene00022194;Y71H2B.4;1;0;1;0;0
WBGene00022191;Y71H2B.1;1;0;1;0;0
WBGene00022189;Y71H2AR.2;1;0;1;1;1
WBGene00022178;Y71H2AM.13;1;0;1;0;0
WBGene00022162;Y71G12B.27;1;1;1;0;0
WBGene00022157;Y71G12B.22;1;1;0;1;0
WBGene00022145;Y71G12B.5;1;1;1;1;1
WBGene00022143;Y71G12B.3;1;1;0;0;0
WBGene00022140;Y71G12A.4;1;0;1;0;0
WBGene00022131;Y71F9B.13;1;1;1;1;0
WBGene00022108;Y71F9AL.2;1;0;1;1;0
WBGene00022102;Y69F12A.1;1;1;0;0;0
WBGene00022101;Y69A2AR.32;1;0;0;0;0
WBGene00022100;Y69A2AR.31;1;1;1;1;1
WBGene00022090;Y69A2AR.19;1;1;1;1;1
WBGene00022085;Y69A2AR.14;1;0;0;0;0
WBGene00022079;Y69A2AR.8;1;1;1;1;0
WBGene00022066;Y67D8C.2;1;0;0;0;1
WBGene00022057;Y67D2.7;1;0;0;0;0
WBGene00022056;ddx-35;1;0;0;0;0
WBGene00022048;fln-1;1;0;0;0;0
WBGene00022032;Y65B4A.9;1;1;1;1;0
WBGene00022029;Y65B4A.6;1;0;1;0;0
WBGene00022025;Y65B4A.1;1;0;1;0;0
WBGene00022002;Y59E9AR.7;1;1;1;0;0
WBGene00021996;Y59E9AL.6;1;1;1;0;1
WBGene00021993;Y59E9AL.3;1;1;1;0;0
WBGene00021986;Y59C2A.3;1;1;1;0;0
WBGene00021979;Y58A7A.5;1;0;1;1;1
WBGene00021978;Y58A7A.4;1;0;1;1;1
WBGene00021977;Y58A7A.3;1;1;1;1;0
WBGene00021969;Y57G7A.6;1;1;1;1;1
WBGene00021968;Y57G7A.5;1;1;1;0;0
WBGene00021965;Y57G7A.1;1;0;0;0;0
WBGene00021939;Y55F3BR.2;1;1;1;1;1
WBGene00021924;Y55F3AM.6;1;1;1;1;1
WBGene00021908;Y55B1AR.4;1;1;1;0;0
WBGene00021895;clec-84;1;0;0;0;0
WBGene00021886;Y54G2A.21;1;0;0;0;0
WBGene00021878;Y54G2A.13;1;1;1;1;1
WBGene00021872;clec-85;1;0;0;0;0
WBGene00021865;fbxa-66;1;1;1;1;0
WBGene00021848;nhr-239;1;1;1;1;1
WBGene00021799;Y53G8AL.1;1;1;0;0;0
WBGene00021791;Y51H7C.13;1;0;1;0;0
WBGene00021787;Y51H7C.9;1;1;0;1;0
WBGene00021779;Y51H7C.1;1;0;1;0;0
WBGene00021746;Y50D4B.7;1;1;0;0;0
WBGene00021745;Y50D4B.6;1;0;1;0;0
WBGene00021743;Y50D4B.4;1;0;1;0;0
WBGene00021720;Y49F6B.8;1;1;1;0;0
WBGene00021703;cpt-3;1;1;1;1;1
WBGene00021698;frl-1;1;0;0;0;0
WBGene00021678;Y48G1C.5;1;1;1;1;1
WBGene00021673;Y48G1BM.8;1;0;1;0;0
WBGene00021664;Y48G1BL.5;1;0;1;0;0
WBGene00021654;Y47G7B.2;1;1;1;1;1
WBGene00021633;Y47G6A.3;1;0;1;1;0
WBGene00021579;clec-73;1;1;1;0;0
WBGene00021558;Y45G5AM.6;1;0;1;0;0
WBGene00021556;Y45G5AM.3;1;1;1;1;0
WBGene00021549;Y44E3A.4;1;0;0;0;0
WBGene00021543;Y43B11AR.1;1;0;1;0;0
WBGene00021520;Y41D4B.18;1;0;0;0;0
WBGene00021518;hpo-6;1;0;1;0;0
WBGene00021496;Y40C5A.3;1;1;1;0;1
WBGene00021479;oac-55;1;1;1;1;1
WBGene00021472;Y39G10AR.16;1;1;0;0;0
WBGene00021471;Y39G10AR.15;1;1;1;1;1
WBGene00021454;Y39F10A.3;1;1;0;0;0
WBGene00021435;Y39A3A.4;1;1;1;1;0
WBGene00021434;Y39A3A.3;1;1;0;0;0
WBGene00021428;Y38F2AR.10;1;1;0;1;1
WBGene00021419;eri-5;1;0;1;0;0
WBGene00021398;Y38C1AA.7;1;0;1;0;0
WBGene00021386;Y37F4.5;1;1;1;1;0
WBGene00021381;Y37E11B.10;1;1;1;0;1
WBGene00021365;smgl-2;1;0;0;0;0
WBGene00021352;Y37E3.11;1;1;1;0;1
WBGene00021340;Y34F4.5;1;0;0;0;0
WBGene00021339;Y34F4.4;1;0;1;0;0
WBGene00021336;Y34F4.1;1;0;1;0;0
WBGene00021321;Y34B4A.5;1;0;0;0;0
WBGene00021305;oig-6;1;0;0;0;0
WBGene00021296;Y25C1A.13;1;0;1;0;0
WBGene00021290;clec-122;1;1;1;0;1
WBGene00021288;clec-123;1;1;1;1;1
WBGene00021287;Y24D9B.1;1;1;1;1;1
WBGene00021271;spe-47;1;0;1;0;0
WBGene00021265;Y22D7AR.12;1;1;1;1;0
WBGene00021263;Y22D7AR.10;1;0;1;0;0
WBGene00021256;Y22D7AR.2;1;0;1;0;0
WBGene00021239;Y20F4.4;1;1;1;0;0
WBGene00021238;gap-3;1;0;1;0;0
WBGene00021207;Y18H1A.1;1;1;1;1;0
WBGene00021197;Y17G9A.4;1;0;1;0;0
WBGene00021161;Y4C6B.7;1;0;1;0;0
WBGene00021154;Y4C6A.4;1;0;0;0;0
WBGene00021114;W09C3.7;1;0;1;0;0
WBGene00021113;gsp-3;1;1;1;1;1
WBGene00021089;W08E12.8;1;0;1;0;0
WBGene00021081;W08A12.4;1;1;1;1;1
WBGene00021079;W08A12.2;1;0;1;1;0
WBGene00021050;W05H9.3;1;1;1;1;1
WBGene00021048;W05H9.1;1;0;1;0;0
WBGene00021041;W05G11.4;1;0;1;1;1
WBGene00021034;enu-3.4;1;0;0;0;0
WBGene00021028;W04C9.6;1;0;1;0;0
WBGene00021020;W04B5.3;1;0;1;0;0
WBGene00021010;W03G1.2;1;0;1;0;0
WBGene00021007;W03F11.4;1;1;1;1;1
WBGene00021006;dct-9;1;0;0;0;0
WBGene00021005;W03F11.1;1;0;1;0;0
WBGene00020991;W03D8.10;1;1;0;0;0
WBGene00020990;W03D8.9;1;1;1;0;1
WBGene00020985;W03D8.2;1;1;1;1;1
WBGene00020981;W03D2.6;1;0;0;0;0
WBGene00020978;W03B1.9;1;1;1;1;1
WBGene00020974;W03B1.5;1;1;1;0;0
WBGene00020966;W03A5.1;1;1;1;1;1
WBGene00020962;W02H5.8;1;0;0;0;0
WBGene00020959;W02H5.4;1;1;1;1;1
WBGene00020945;clec-219;1;0;0;0;0
WBGene00020914;sulp-6;1;1;1;1;0
WBGene00020909;W01A11.1;1;0;1;0;0
WBGene00020905;T28H11.7;1;1;1;0;1
WBGene00020890;fbxa-202;1;1;0;0;0
WBGene00020886;ttr-6;1;0;1;0;0
WBGene00020864;oac-50;1;1;1;1;1
WBGene00020861;T27E4.1;1;1;1;1;1
WBGene00020860;nspd-10;1;1;1;0;0
WBGene00020841;T27A3.5;1;1;1;0;0
WBGene00020840;spch-3;1;1;1;0;1
WBGene00020827;T26A8.4;1;0;1;0;0
WBGene00020826;T26A8.3;1;1;1;1;1
WBGene00020825;T26A8.2;1;1;1;1;1
WBGene00020813;T25G12.6;1;0;0;0;0
WBGene00020802;btb-2;1;0;1;0;0
WBGene00020797;T25D3.3;1;0;0;0;0
WBGene00020786;T25B2.2;1;1;1;0;0
WBGene00020774;T24E12.5;1;1;1;0;0
WBGene00020747;T24A6.7;1;1;1;1;1
WBGene00020736;T23F2.3;1;0;1;0;0
WBGene00020715;nspd-4;1;1;1;0;1
WBGene00020713;T23B3.5;1;1;1;1;0
WBGene00020710;T23B3.2;1;1;1;1;0
WBGene00020707;wago-10;1;1;1;0;1
WBGene00020692;T22E5.6;1;0;0;0;0
WBGene00020674;T22B7.7;1;0;1;1;1
WBGene00020662;T21H3.1;1;0;0;0;0
WBGene00020661;smz-2;1;1;1;0;1
WBGene00020659;T21G5.1;1;1;0;0;0
WBGene00020658;T21F4.1;1;0;0;0;0
WBGene00020653;T21E3.2;1;1;1;0;0
WBGene00020640;fbxa-73;1;1;1;0;0
WBGene00020639;fbxa-71;1;1;1;1;1
WBGene00020635;T20H4.2;1;0;1;0;0
WBGene00020632;T20F7.5;1;0;1;0;0
WBGene00020629;T20F5.7;1;0;0;0;0
WBGene00020627;T20F5.5;1;0;1;0;0
WBGene00020613;T20D4.7;1;0;1;1;1
WBGene00020581;T19D12.6;1;0;1;0;0
WBGene00020580;T19D12.5;1;0;0;0;0
WBGene00020579;T19D12.4;1;1;1;1;0
WBGene00020563;T19C3.5;1;0;1;0;0
WBGene00020547;srz-7;1;1;1;1;1
WBGene00020546;T17A3.10;1;1;1;1;0
WBGene00020533;T16A1.2;1;0;1;0;0
WBGene00020531;T15B12.2;1;1;0;0;0
WBGene00020527;T15B7.15;1;0;1;1;0
WBGene00020509;hex-1;1;0;1;0;0
WBGene00020473;lips-12;1;1;1;1;1
WBGene00020472;lips-11;1;1;1;0;0
WBGene00020471;pho-14;1;1;1;0;0
WBGene00020457;fbxa-67;1;1;1;0;0
WBGene00020456;fbxa-60;1;0;0;0;0
WBGene00020455;fbxa-59;1;0;0;0;0
WBGene00020453;fbxa-55;1;0;0;0;0
WBGene00020435;T11F8.4;1;1;1;0;0
WBGene00020419;acdh-4;1;1;0;1;0
WBGene00020414;T10E9.4;1;1;1;0;1
WBGene00020407;chil-24;1;0;1;0;0
WBGene00020394;T10B5.8;1;0;1;0;0
WBGene00020388;T10B5.2;1;1;0;1;0
WBGene00020357;T08E11.1;1;1;1;1;1
WBGene00020353;T08B6.4;1;1;1;1;1
WBGene00020350;T08B2.12;1;1;1;0;0
WBGene00020349;T08B2.11;1;0;0;0;0
WBGene00020343;acs-3;1;0;0;0;0
WBGene00020339;ttr-59;1;0;0;0;0
WBGene00020318;T07F8.1;1;0;1;0;0
WBGene00020304;fbxa-200;1;0;1;0;0
WBGene00020293;nep-20;1;0;1;0;0
WBGene00020289;T06C10.3;1;1;1;0;0
WBGene00020228;T05A8.2;1;1;1;1;1
WBGene00020227;T05A8.1;1;1;1;1;1
WBGene00020223;T05A7.6;1;1;1;1;1
WBGene00020200;T04A6.1;1;0;1;0;0
WBGene00020187;gsp-4;1;1;1;1;1
WBGene00020182;ugt-53;1;0;0;0;0
WBGene00020140;ant-1.4;1;1;1;0;1
WBGene00020139;T01B11.2;1;0;0;0;0
WBGene00020134;T01B6.1;1;1;1;1;1
WBGene00020118;R155.4;1;1;1;0;0
WBGene00020117;R155.3;1;1;1;1;1
WBGene00020116;moa-1;1;1;1;1;1
WBGene00020105;R148.7;1;0;0;1;0
WBGene00020084;R105.1;1;1;1;0;1
WBGene00020070;rmd-6;1;0;1;0;0
WBGene00020053;R13A5.11;1;1;1;0;0
WBGene00020036;R12E2.11;1;1;1;0;1
WBGene00020004;R11E3.2;1;0;1;0;0
WBGene00020003;R11E3.1;1;1;1;1;1
WBGene00019997;R10F2.6;1;1;1;1;1
WBGene00019991;R09H3.3;1;0;1;0;0
WBGene00019973;R09A1.3;1;1;1;1;1
WBGene00019972;R09A1.2;1;1;1;1;1
WBGene00019958;R08E3.2;1;0;0;0;0
WBGene00019957;R08E3.1;1;0;0;0;0
WBGene00019949;R08C7.5;1;1;0;0;0
WBGene00019932;R07C12.2;1;0;1;0;0
WBGene00019920;acs-15;1;1;0;1;1
WBGene00019913;R06B10.2;1;1;1;0;0
WBGene00019912;R06B10.1;1;1;1;1;1
WBGene00019881;R05D3.8;1;0;0;0;0
WBGene00019874;R05C11.2;1;1;0;1;1
WBGene00019858;R03H10.6;1;1;1;1;1
WBGene00019854;R03H10.1;1;1;1;1;0
WBGene00019831;R02F2.1;1;0;1;0;0
WBGene00019826;R02E4.1;1;1;1;1;0
WBGene00019812;R01H2.4;1;0;1;0;0
WBGene00019810;R01H2.2;1;0;0;0;0
WBGene00019801;aak-1;1;0;0;0;0
WBGene00019785;M70.3;1;1;1;1;1
WBGene00019783;M70.1;1;1;1;1;1
WBGene00019778;M57.2;1;0;1;0;0
WBGene00019773;M04G7.2;1;1;0;0;0
WBGene00019769;M04F3.3;1;0;1;0;0
WBGene00019744;M02H5.8;1;0;1;0;0
WBGene00019740;srt-31;1;0;1;1;1
WBGene00019715;M01G5.1;1;0;1;0;0
WBGene00019647;K11D12.7;1;0;1;0;0
WBGene00019642;K11C4.1;1;1;0;0;0
WBGene00019626;K10C9.7;1;0;1;0;0
WBGene00019594;K09H9.1;1;1;1;1;1
WBGene00019593;K09F6.10;1;1;1;1;1
WBGene00019592;K09F6.9;1;0;1;1;1
WBGene00019590;K09F6.7;1;1;1;1;1
WBGene00019589;K09F6.6;1;0;1;0;0
WBGene00019588;K09F6.5;1;0;0;0;0
WBGene00019587;K09F6.4;1;0;1;0;0
WBGene00019586;K09F6.3;1;1;1;1;1
WBGene00019579;oac-57;1;0;1;0;0
WBGene00019568;K09D9.11;1;1;1;1;0
WBGene00019561;K09C6.7;1;1;1;0;0
WBGene00019556;K09C6.2;1;1;1;1;1
WBGene00019531;scrm-5;1;1;1;0;0
WBGene00019530;scrm-8;1;0;0;0;0
WBGene00019517;K08B4.5;1;0;0;0;0
WBGene00019512;K08A2.2;1;0;0;0;0
WBGene00019511;K08A2.1;1;0;1;0;0
WBGene00019476;K07C11.3;1;0;1;0;0
WBGene00019473;cyp-35A5;1;0;0;0;0
WBGene00019472;cyp-35B1;1;0;1;0;0
WBGene00019461;K07A3.3;1;1;1;1;1
WBGene00019459;K06H7.8;1;1;1;1;0
WBGene00019430;K06A5.2;1;1;1;1;1
WBGene00019406;acdh-8;1;1;1;1;1
WBGene00019351;lron-7;1;0;0;0;0
WBGene00019347;mbl-1;1;1;1;0;0
WBGene00019343;nep-18;1;1;1;1;1
WBGene00019338;K02F6.4;1;1;1;1;1
WBGene00019337;K02F6.3;1;1;1;1;1
WBGene00019335;K02F6.1;1;1;1;1;1
WBGene00019332;K02F3.9;1;0;0;0;0
WBGene00019314;K02E7.10;1;1;1;1;0
WBGene00019303;K02D10.3;1;0;0;0;0
WBGene00019302;K02D10.2;1;0;0;0;0
WBGene00019270;H41C03.3;1;1;1;1;1
WBGene00019269;H41C03.2;1;1;1;1;1
WBGene00019261;H34I24.2;1;0;1;0;0
WBGene00019260;H34I24.1;1;1;0;0;0
WBGene00019257;dhhc-13;1;1;1;0;1
WBGene00019255;H32C10.1;1;1;0;0;0
WBGene00019248;H27M09.5;1;1;1;1;1
WBGene00019229;ipla-5;1;1;1;1;0
WBGene00019216;H20J04.1;1;1;1;1;0
WBGene00019208;lips-14;1;0;0;0;0
WBGene00019203;ttr-47;1;0;1;0;0
WBGene00019190;H12I13.1;1;0;0;0;0
WBGene00019189;H11L12.1;1;1;1;0;1
WBGene00019187;H11E01.2;1;1;1;1;1
WBGene00019170;H06I04.6;1;0;0;0;0
WBGene00019169;H06I04.5;1;1;1;1;0
WBGene00019165;mpz-4;1;1;1;0;0
WBGene00019151;pck-3;1;1;1;1;1
WBGene00019150;H04J21.1;1;1;1;1;0
WBGene00019133;F59H6.2;1;1;0;1;1
WBGene00019131;bath-12;1;0;0;0;0
WBGene00019101;F59B1.10;1;1;1;1;1
WBGene00019086;F59A6.4;1;1;1;0;1
WBGene00019070;F58H7.5;1;1;1;1;1
WBGene00019060;F58F9.7;1;0;0;0;0
WBGene00019057;F58F9.3;1;0;1;0;0
WBGene00019047;F58E2.3;1;1;1;0;0
WBGene00019026;F58A6.9;1;0;1;0;0
WBGene00019020;F57H12.5;1;0;1;0;0
WBGene00019015;F57F4.1;1;1;0;0;0
WBGene00019006;F57B10.9;1;0;1;0;0
WBGene00018999;F57B9.8;1;1;1;1;0
WBGene00018997;F57B9.3;1;1;1;1;1
WBGene00018966;F56D2.5;1;0;1;0;0
WBGene00018943;dgn-2;1;1;1;1;1
WBGene00018930;F56B3.6;1;1;1;0;0
WBGene00018926;F56A11.6;1;1;1;1;0
WBGene00018921;sago-2;1;1;1;1;1
WBGene00018903;F55G1.7;1;0;1;0;0
WBGene00018895;F55F8.7;1;1;0;0;0
WBGene00018877;aman-1;1;0;0;0;0
WBGene00018844;F54H12.4;1;1;0;0;1
WBGene00018842;F54H12.2;1;1;0;0;0
WBGene00018841;F54H5.5;1;1;1;0;0
WBGene00018837;F54G2.1;1;1;1;1;0
WBGene00018792;F54C1.8;1;0;0;0;0
WBGene00018783;cbs-2;1;1;1;1;1
WBGene00018776;F53H1.1;1;0;0;0;0
WBGene00018773;F53G12.8;1;0;0;0;0
WBGene00018745;F53C3.1;1;1;0;0;0
WBGene00018713;F52G3.5;1;1;1;1;1
WBGene00018702;F52E4.5;1;1;1;1;0
WBGene00018648;F49F1.8;1;0;1;0;0
WBGene00018647;F49F1.7;1;0;1;0;0
WBGene00018643;drd-50;1;0;1;0;1
WBGene00018602;F48D6.4;1;0;0;0;0
WBGene00018594;aman-3;1;0;0;0;0
WBGene00018575;clec-119;1;1;0;0;0
WBGene00018563;F47D12.7;1;1;1;1;1
WBGene00018548;clec-79;1;1;1;1;1
WBGene00018543;ugt-32;1;1;1;0;1
WBGene00018531;F47B3.7;1;1;1;0;0
WBGene00018497;F46F5.6;1;1;0;0;0
WBGene00018488;acs-1;1;0;0;0;0
WBGene00018480;otpl-7;1;0;0;0;0
WBGene00018471;F45E4.6;1;0;1;0;0
WBGene00018465;F45E1.4;1;1;1;0;1
WBGene00018428;fbxa-183;1;1;1;0;0
WBGene00018394;F43E2.6;1;1;1;1;1
WBGene00018391;rpb-4;1;0;1;0;0
WBGene00018359;F42G8.8;1;1;1;1;1
WBGene00018353;fbxa-182;1;1;1;1;1
WBGene00018345;F42C5.3;1;1;1;1;1
WBGene00018340;anmt-2;1;0;0;0;0
WBGene00018336;F42A9.7;1;1;1;0;0
WBGene00018314;F41H10.1;1;1;1;0;1
WBGene00018259;F41B4.3;1;1;1;1;1
WBGene00018253;F40H6.1;1;1;1;0;0
WBGene00018235;F40E12.2;1;1;1;1;1
WBGene00018208;F39G3.3;1;0;1;0;0
WBGene00018180;srsx-22;1;1;1;1;1
WBGene00018174;F38B6.4;1;0;0;0;0
WBGene00018163;F38A5.6;1;1;0;0;0
WBGene00018158;comp-1;1;1;1;0;0
WBGene00018145;F37C4.5;1;1;1;1;1
WBGene00018135;F37A4.5;1;1;1;0;0
WBGene00018134;F37A4.4;1;1;1;0;1
WBGene00018130;F36H12.17;1;1;1;1;1
WBGene00018127;F36H12.14;1;1;1;1;1
WBGene00018121;F36H12.5;1;1;1;1;1
WBGene00018120;F36H12.4;1;0;0;1;1
WBGene00018099;ztf-28;1;0;1;0;0
WBGene00018084;F36A4.5;1;1;1;1;1
WBGene00018083;F36A4.4;1;1;1;0;0
WBGene00018065;F35F11.2;1;0;1;1;0
WBGene00018055;F35F10.5;1;1;1;0;0
WBGene00018054;F35F10.4;1;0;0;0;0
WBGene00018004;F33D11.7;1;1;1;0;0
WBGene00017978;F32B5.4;1;1;1;1;1
WBGene00017977;F32B5.3;1;1;1;1;1
WBGene00017975;F32B5.1;1;1;0;0;1
WBGene00017964;F31F7.1;1;0;1;0;0
WBGene00017955;F31E8.5;1;1;1;0;0
WBGene00017936;F30B5.7;1;0;1;0;0
WBGene00017922;F29B9.7;1;1;0;0;0
WBGene00017908;F28H1.1;1;0;1;0;0
WBGene00017899;F28C10.4;1;1;1;1;1
WBGene00017851;F27C1.1;1;1;1;1;1
WBGene00017840;ttm-2;1;0;0;0;0
WBGene00017808;nspd-9;1;1;0;0;0
WBGene00017802;F26A1.3;1;0;1;1;0
WBGene00017780;F25E2.2;1;0;1;0;0
WBGene00017772;clec-1;1;0;1;0;0
WBGene00017744;fbxc-54;1;1;1;1;0
WBGene00017737;F23C8.8;1;1;1;1;1
WBGene00017736;F23C8.7;1;1;1;1;1
WBGene00017730;F22H10.6;1;0;0;0;0
WBGene00017718;F22F4.5;1;0;1;0;0
WBGene00017717;F22F4.4;1;0;1;0;0
WBGene00017675;F21F3.6;1;0;0;0;0
WBGene00017673;icmt-1;1;1;1;1;1
WBGene00017672;F21F3.2;1;1;0;0;0
WBGene00017660;F21C10.11;1;0;1;0;0
WBGene00017647;F20H11.4;1;1;1;1;1
WBGene00017636;F20D6.6;1;1;1;0;0
WBGene00017586;F19B10.4;1;1;1;1;1
WBGene00017583;F19B10.1;1;0;0;0;0
WBGene00017563;F18C5.10;1;0;1;0;0
WBGene00017550;nep-6;1;1;1;1;0
WBGene00017542;F17E9.5;1;1;1;0;1
WBGene00017539;F17E9.2;1;0;1;0;0
WBGene00017504;F16B4.2;1;1;1;1;0
WBGene00017498;pud-4;1;0;0;0;0
WBGene00017467;F14F9.4;1;1;1;1;1
WBGene00017466;F14F9.3;1;1;1;1;0
WBGene00017443;F13H8.11;1;0;1;0;0
WBGene00017441;F13H8.8;1;1;1;1;1
WBGene00017387;mpst-4;1;1;1;0;0
WBGene00017386;nspd-5;1;1;1;0;1
WBGene00017384;F11G11.4;1;1;1;0;0
WBGene00017374;ttr-41;1;0;1;0;0
WBGene00017361;F10E9.12;1;0;1;0;0
WBGene00017354;F10E9.2;1;0;0;0;0
WBGene00017352;F10E7.11;1;0;0;0;0
WBGene00017344;F10E7.2;1;0;1;0;0
WBGene00017336;ugt-41;1;1;1;1;1
WBGene00017332;ugt-37;1;1;1;1;1
WBGene00017331;ugt-40;1;1;1;1;1
WBGene00017329;ugt-39;1;1;1;1;0
WBGene00017325;F10C1.3;1;0;0;0;0
WBGene00017279;F09C12.8;1;1;1;0;0
WBGene00017271;F08F8.6;1;0;1;1;0
WBGene00017270;numr-1;1;1;1;1;1
WBGene00017265;snpc-1.3;1;1;1;1;1
WBGene00017264;F08F3.8;1;0;0;0;1
WBGene00017258;F08F1.4;1;0;1;0;0
WBGene00017257;F08F1.3;1;0;1;0;0
WBGene00017216;F07F6.2;1;0;1;0;0
WBGene00017215;F07F6.1;1;1;1;0;0
WBGene00017214;F07E5.9;1;1;1;1;1
WBGene00017213;F07E5.8;1;0;0;0;0
WBGene00017179;wht-4;1;0;0;0;0
WBGene00017174;tat-6;1;1;1;1;1
WBGene00017157;tyra-2;1;1;1;1;1
WBGene00017146;EGAP1.1;1;1;1;1;0
WBGene00017131;E04F6.15;1;0;0;0;0
WBGene00017128;E04F6.9;1;0;1;1;1
WBGene00017127;E04F6.8;1;1;1;1;0
WBGene00017114;E03H12.7;1;1;1;0;0
WBGene00017112;E03H12.5;1;1;1;1;0
WBGene00017108;cyp-43A1;1;0;0;0;0
WBGene00017071;aagr-1;1;0;0;0;0
WBGene00017059;D2062.7;1;1;1;0;0
WBGene00017058;D2062.6;1;1;0;0;0
WBGene00017035;D1065.3;1;0;0;0;0
WBGene00017026;ipla-4;1;1;1;1;0
WBGene00016993;CD4.8;1;0;1;0;0
WBGene00016991;CD4.5;1;1;1;1;1
WBGene00016957;atic-1;1;0;0;0;0
WBGene00016953;C55C3.3;1;1;0;1;0
WBGene00016946;C55B7.10;1;0;0;0;0
WBGene00016942;C55B7.3;1;0;0;0;0
WBGene00016935;ifta-1;1;1;1;1;1
WBGene00016912;clec-86;1;0;1;0;0
WBGene00016893;C53B7.2;1;0;1;0;0
WBGene00016892;C53A3.2;1;0;1;0;1
WBGene00016890;lst-5;1;1;1;1;0
WBGene00016885;fbxb-97;1;1;1;0;0
WBGene00016877;C52D10.3;1;0;1;0;0
WBGene00016872;dop-4;1;1;1;1;1
WBGene00016862;C52A10.1;1;0;1;1;0
WBGene00016839;C50F2.5;1;1;1;0;0
WBGene00016825;C50E10.1;1;1;1;0;0
WBGene00016800;C50C3.2;1;1;1;1;1
WBGene00016797;C50A2.3;1;0;1;0;0
WBGene00016796;cec-2;1;0;0;0;0
WBGene00016788;C49G7.10;1;0;1;1;0
WBGene00016785;C49G7.7;1;0;1;0;0
WBGene00016783;irg-2;1;1;1;1;0
WBGene00016780;C49G7.1;1;1;1;1;0
WBGene00016765;C49C8.1;1;1;0;1;0
WBGene00016752;C48E7.7;1;1;0;0;0
WBGene00016742;C48B6.4;1;0;0;0;0
WBGene00016730;C46H11.6;1;0;0;0;0
WBGene00016717;math-22;1;0;0;0;0
WBGene00016707;C46E10.1;1;1;1;0;0
WBGene00016698;C46A5.1;1;0;1;1;0
WBGene00016681;C45G9.10;1;0;0;0;0
WBGene00016680;C45G9.9;1;1;1;0;0
WBGene00016671;C45G7.4;1;0;1;0;0
WBGene00016638;perm-4;1;0;0;0;0
WBGene00016636;perm-2;1;0;1;0;0
WBGene00016612;C43G2.3;1;1;0;0;0
WBGene00016605;C43E11.5;1;1;1;1;0
WBGene00016595;C42D4.2;1;0;0;0;0
WBGene00016594;C42D4.1;1;0;1;0;0
WBGene00016587;C42C1.9;1;1;1;1;0
WBGene00016585;oac-59;1;0;0;0;0
WBGene00016580;C42C1.2;1;0;1;0;0
WBGene00016568;C41G11.1;1;0;1;0;0
WBGene00016559;C41A3.2;1;0;1;0;0
WBGene00016558;C41A3.1;1;1;1;1;1
WBGene00016541;C39H7.1;1;1;1;1;1
WBGene00016540;C39F7.5;1;0;1;0;0
WBGene00016512;C38C3.3;1;1;1;0;0
WBGene00016478;srt-72;1;1;1;1;1
WBGene00016474;C36C5.5;1;0;1;0;0
WBGene00016462;C35E7.10;1;1;1;1;0
WBGene00016451;clec-6;1;0;1;0;0
WBGene00016450;clec-5;1;1;1;1;1
WBGene00016447;msd-4;1;1;1;0;1
WBGene00016441;C35D10.3;1;0;0;0;0
WBGene00016440;gipc-1;1;1;1;1;1
WBGene00016434;C35B1.4;1;0;1;0;0
WBGene00016425;C34H4.2;1;0;1;0;0
WBGene00016424;C34H4.1;1;0;1;0;0
WBGene00016420;C34G6.3;1;1;0;0;0
WBGene00016416;C34F11.5;1;1;1;1;1
WBGene00016415;ampd-1;1;0;1;0;0
WBGene00016414;C34F11.2;1;0;0;0;0
WBGene00016399;C34D4.3;1;0;1;0;0
WBGene00016398;C34D4.2;1;1;1;0;0
WBGene00016388;C34B2.3;1;1;1;0;0
WBGene00016358;C33F10.12;1;1;1;0;1
WBGene00016357;C33F10.11;1;1;1;0;0
WBGene00016356;C33F10.8;1;0;1;0;0
WBGene00016351;C33F10.1;1;1;1;0;1
WBGene00016344;rsef-1;1;1;1;1;1
WBGene00016340;gba-2;1;0;1;0;0
WBGene00016336;C33C12.4;1;1;1;0;0
WBGene00016327;C32E12.1;1;0;0;1;0
WBGene00016322;C32E8.4;1;1;1;0;1
WBGene00016316;C32D5.8;1;1;1;0;0
WBGene00016306;C32B5.13;1;0;1;0;0
WBGene00016305;fbxc-57;1;1;1;1;1
WBGene00016288;C31H1.5;1;1;1;0;0
WBGene00016286;C31H1.1;1;1;1;1;0
WBGene00016281;C31B8.4;1;1;1;1;1
WBGene00016274;C30G12.2;1;0;1;0;0
WBGene00016253;C30E1.4;1;1;1;1;1
WBGene00016252;C30E1.3;1;0;1;1;1
WBGene00016251;C30E1.2;1;0;1;1;1
WBGene00016219;C29F9.4;1;0;0;0;0
WBGene00016218;C29F9.3;1;0;0;0;0
WBGene00016201;tdo-2;1;0;0;0;0
WBGene00016181;C28C12.11;1;0;0;0;0
WBGene00016161;C27D6.3;1;0;0;0;0
WBGene00016137;C26E6.1;1;0;0;0;0
WBGene00016101;C25E10.12;1;0;1;0;0
WBGene00016099;C25E10.10;1;1;1;0;1
WBGene00016097;C25E10.8;1;1;1;1;1
WBGene00016085;C25A8.5;1;1;1;1;0
WBGene00016084;cht-3;1;0;1;0;0
WBGene00016058;nspd-3;1;1;1;0;0
WBGene00016054;C24D10.2;1;0;0;0;0
WBGene00016053;C24D10.1;1;1;1;0;0
WBGene00016052;dod-3;1;0;1;0;0
WBGene00016040;C24A11.1;1;1;1;0;0
WBGene00016010;C23G10.1;1;1;1;1;1
WBGene00016004;C18H9.6;1;0;1;0;0
WBGene00015994;C18H7.4;1;1;0;0;0
WBGene00015992;C18H2.5;1;1;1;1;1
WBGene00015991;C18H2.4;1;1;0;1;0
WBGene00015988;C18H2.1;1;1;1;1;1
WBGene00015978;C18F10.7;1;0;0;0;0
WBGene00015955;C18B2.4;1;0;1;0;0
WBGene00015942;osta-2;1;0;1;0;0
WBGene00015937;C17H12.12;1;1;1;1;1
WBGene00015933;C17H12.8;1;0;0;0;0
WBGene00015931;C17H12.5;1;1;1;0;1
WBGene00015929;C17H12.3;1;1;1;1;1
WBGene00015918;C17G10.6;1;1;1;1;1
WBGene00015917;C17G10.3;1;1;0;0;0
WBGene00015913;C17F4.7;1;0;1;0;0
WBGene00015907;C17F3.1;1;1;1;0;0
WBGene00015891;C17C3.6;1;1;1;1;1
WBGene00015890;C17C3.5;1;1;1;1;1
WBGene00015860;C16D9.5;1;1;1;1;1
WBGene00015855;C16C8.18;1;1;1;0;0
WBGene00015836;math-7;1;1;1;1;1
WBGene00015828;math-14;1;1;1;0;1
WBGene00015800;C15H9.4;1;0;1;0;0
WBGene00015796;C15F1.5;1;1;1;1;1
WBGene00015780;C14F11.4;1;0;0;0;0
WBGene00015765;C14C11.1;1;0;1;0;0
WBGene00015756;C14C6.2;1;0;0;0;0
WBGene00015716;sox-4;1;0;0;0;0
WBGene00015696;C10H11.7;1;0;0;0;0
WBGene00015689;spch-2;1;1;1;0;0
WBGene00015688;C10G11.8;1;1;1;1;1
WBGene00015683;C10G8.4;1;0;1;0;0
WBGene00015672;C10E2.1;1;1;1;1;1
WBGene00015634;C09D4.3;1;1;1;1;1
WBGene00015633;C09D4.2;1;0;1;0;0
WBGene00015630;C09B9.7;1;1;1;1;1
WBGene00015629;C09B9.4;1;1;1;0;0
WBGene00015627;C09B9.2;1;1;1;0;1
WBGene00015602;fbxa-158;1;1;1;1;1
WBGene00015598;fbxa-163;1;1;1;1;1
WBGene00015592;C08D8.1;1;0;1;1;1
WBGene00015582;C07H6.9;1;0;1;0;0
WBGene00015572;C07G1.6;1;0;0;0;0
WBGene00015559;npr-17;1;1;1;0;1
WBGene00015558;C06G4.4;1;0;0;0;0
WBGene00015537;C06E4.8;1;1;1;0;0
WBGene00015516;C06A8.6;1;1;1;0;1
WBGene00015511;C06A6.7;1;0;1;0;0
WBGene00015499;inst-1;1;0;0;0;0
WBGene00015497;nhr-76;1;0;1;0;0
WBGene00015469;C05D2.8;1;0;0;0;0
WBGene00015467;basl-1;1;1;1;1;0
WBGene00015465;C05C8.8;1;0;0;0;0
WBGene00015456;C04G6.6;1;0;1;0;0
WBGene00015392;nspc-7;1;0;1;0;0
WBGene00015386;C03B8.3;1;1;1;1;1
WBGene00015382;C03B1.14;1;0;1;0;0
WBGene00015355;C02F12.5;1;0;1;0;0
WBGene00015351;C02F5.10;1;0;0;0;0
WBGene00015348;C02F5.5;1;1;1;1;1
WBGene00015342;C02E7.10;1;0;1;0;0
WBGene00015313;hpo-32;1;0;1;0;0
WBGene00015306;C01G5.4;1;1;1;1;1
WBGene00015295;acl-12;1;0;1;0;0
WBGene00015280;C01B10.6;1;0;0;0;0
WBGene00015278;C01B10.3;1;0;1;0;0
WBGene00015246;scl-23;1;0;0;1;1
WBGene00015241;B0524.2;1;0;0;0;0
WBGene00015236;B0511.11;1;1;1;1;0
WBGene00015230;tag-344;1;1;1;0;0
WBGene00015227;B0507.10;1;1;1;1;1
WBGene00015226;B0507.9;1;1;1;1;1
WBGene00015225;B0507.8;1;1;1;1;1
WBGene00015224;B0507.7;1;0;1;1;1
WBGene00015223;B0507.6;1;1;1;1;1
WBGene00015216;valv-1;1;1;1;1;1
WBGene00015182;B0416.7;1;0;0;0;0
WBGene00015167;B0403.3;1;1;1;1;0
WBGene00015165;B0361.11;1;1;1;1;1
WBGene00015116;B0286.3;1;0;0;0;0
WBGene00015110;B0281.3;1;0;1;0;0
WBGene00015106;B0280.11;1;1;1;1;1
WBGene00015097;B0273.1;1;1;1;1;0
WBGene00015094;B0261.6;1;1;1;1;1
WBGene00015089;B0252.5;1;1;1;0;0
WBGene00015084;B0244.9;1;0;0;0;0
WBGene00015079;B0244.4;1;1;1;0;1
WBGene00015052;clec-52;1;0;1;0;0
WBGene00015051;B0218.7;1;1;1;0;0
WBGene00015049;B0218.5;1;0;0;0;0
WBGene00015044;cyp-34A9;1;0;0;0;0
WBGene00015035;otpl-1;1;1;1;1;1
WBGene00015024;B0205.10;1;1;1;0;1
WBGene00014994;ZK1225.7;1;0;0;0;0
WBGene00014978;ZC47.8;1;1;1;1;0
WBGene00014941;Y67H2A.9;1;0;0;0;0
WBGene00014843;;1;1;0;1;0
WBGene00014814;R03D7.3;1;0;1;0;0
WBGene00014813;M176.9;1;1;0;1;0
WBGene00014796;K03D7.3;1;1;1;1;0
WBGene00014755;F40F12.8;1;1;0;1;0
WBGene00014728;E03A3.1;1;0;0;0;0
WBGene00014697;cyp-25A3;1;0;1;0;0
WBGene00014665;C04G2.3;1;1;1;0;0
WBGene00014615;Y116F11A.4;1;0;1;0;0
WBGene00014506;T06D8.11;1;1;1;1;0
WBGene00014405;F56H6.16;1;1;1;1;1
WBGene00014403;F56H6.14;1;1;1;1;1
WBGene00014312;F08G2.11;1;1;1;1;1
WBGene00014291;C52E4.8;1;1;1;1;1
WBGene00014259;ZK1320.11;1;0;0;0;0
WBGene00014247;ZK1307.4;1;0;0;0;0
WBGene00014240;htas-1;1;1;1;0;0
WBGene00014239;ZK1225.5;1;0;0;1;0
WBGene00014238;ZK1225.4;1;1;0;1;0
WBGene00014229;ZK1128.3;1;1;0;0;0
WBGene00014223;ZK1098.6;1;1;0;1;0
WBGene00014197;ZK1053.2;1;1;1;1;1
WBGene00014194;ZK1037.6;1;1;1;0;0
WBGene00014179;ZK1010.5;1;1;1;1;1
WBGene00014169;ZK945.7;1;1;1;1;1
WBGene00014166;ZK945.4;1;0;0;0;0
WBGene00014158;ZK938.1;1;1;1;0;1
WBGene00014154;ZK930.4;1;1;1;0;1
WBGene00014152;ZK930.2;1;1;1;0;0
WBGene00014132;ZK896.1;1;0;1;0;0
WBGene00014130;ZK892.6;1;0;0;0;0
WBGene00014127;ZK892.3;1;1;0;0;0
WBGene00014121;ZK858.8;1;1;0;0;0
WBGene00014116;ZK858.2;1;1;1;0;0
WBGene00014108;ZK856.7;1;0;1;0;0
WBGene00014102;best-25;1;0;0;1;1
WBGene00014100;ZK849.1;1;1;0;0;0
WBGene00014090;ZK822.2;1;0;1;0;0
WBGene00014085;ZK809.1;1;0;0;1;0
WBGene00014082;ZK795.2;1;1;1;1;0
WBGene00014029;ZK637.12;1;1;1;0;0
WBGene00014007;ZK596.2;1;1;1;1;0
WBGene00013999;ZK550.5;1;1;1;0;0
WBGene00013987;ZK512.8;1;1;1;0;1
WBGene00013979;ZK507.3;1;1;0;0;0
WBGene00013978;ZK507.1;1;1;1;0;0
WBGene00013969;tep-1;1;1;1;0;0
WBGene00013956;ZK265.3;1;1;1;1;1
WBGene00013955;kri-1;1;1;1;0;1
WBGene00013933;clec-99;1;1;1;1;0
WBGene00013887;nspa-5;1;1;1;0;0
WBGene00013867;ZC373.2;1;0;1;0;0
WBGene00013858;ssp-34;1;1;1;0;1
WBGene00013855;ZC116.3;1;0;1;0;0
WBGene00013854;cyc-2.2;1;1;1;0;0
WBGene00013845;fbxa-37;1;1;1;1;0
WBGene00013844;fbxa-50;1;0;1;1;0
WBGene00013835;mlt-4;1;0;0;0;0
WBGene00013815;Y116A8C.44;1;1;1;1;1
WBGene00013801;Y116A8C.24;1;1;0;0;0
WBGene00013800;Y116A8C.23;1;1;0;0;0
WBGene00013786;nep-24;1;1;1;1;1
WBGene00013785;nep-23;1;1;1;1;0
WBGene00013771;Y113G7C.1;1;1;1;1;1
WBGene00013763;Y113G7B.14;1;1;1;0;0
WBGene00013755;fbxa-115;1;1;1;1;1
WBGene00013754;fbxa-116;1;0;1;0;0
WBGene00013734;Y111B2A.10;1;0;0;0;0
WBGene00013723;Y106G6H.13;1;1;1;1;0
WBGene00013713;Y106G6G.4;1;1;1;1;1
WBGene00013710;Y106G6G.1;1;1;1;1;1
WBGene00013700;Y106G6D.3;1;1;1;0;0
WBGene00013696;Y106G6A.4;1;1;1;0;0
WBGene00013692;Y105E8B.7;1;0;0;0;0
WBGene00013684;Y105E8A.27;1;1;1;1;0
WBGene00013672;catp-1;1;1;1;1;0
WBGene00013657;Y105C5B.18;1;1;0;0;0
WBGene00013656;Y105C5B.17;1;0;0;0;0
WBGene00013653;Y105C5B.14;1;1;1;1;1
WBGene00013651;Y105C5B.11;1;1;1;1;1
WBGene00013644;Y105C5A.25;1;1;1;1;1
WBGene00013643;Y105C5A.24;1;0;1;1;1
WBGene00013639;Y105C5A.15;1;1;1;0;0
WBGene00013638;Y105C5A.14;1;1;1;1;0
WBGene00013637;Y105C5A.13;1;1;1;1;1
WBGene00013633;Y105C5A.8;1;0;1;0;0
WBGene00013586;Y80D3A.8;1;1;1;0;0
WBGene00013579;Y79H2A.2;1;0;1;0;0
WBGene00013569;bath-36;1;1;1;1;1
WBGene00013562;Y75B8A.32;1;1;1;0;0
WBGene00013556;Y75B8A.23;1;0;1;1;1
WBGene00013526;Y73F8A.20;1;1;1;1;1
WBGene00013510;Y71A12B.13;1;0;0;0;0
WBGene00013505;Y71A12B.8;1;1;1;1;1
WBGene00013481;Y69H2.3;1;0;1;0;0
WBGene00013478;Y69E1A.8;1;1;1;0;0
WBGene00013475;Y69E1A.3;1;1;0;0;0
WBGene00013474;Y69E1A.2;1;1;1;1;1
WBGene00013473;Y69E1A.1;1;1;1;1;1
WBGene00013453;fbxa-83;1;0;1;1;1
WBGene00013452;Y67A10A.3;1;1;1;1;1
WBGene00013449;Y67A6A.1;1;0;0;0;0
WBGene00013439;Y66D12A.13;1;0;0;0;0
WBGene00013437;Y66D12A.11;1;1;1;0;0
WBGene00013429;Y66D12A.3;1;0;1;1;0
WBGene00013425;ceh-91;1;0;0;0;0
WBGene00013424;Y66A7A.4;1;0;1;0;0
WBGene00013393;Y62H9A.5;1;0;0;0;0
WBGene00013391;Y62H9A.3;1;0;0;0;0
WBGene00013370;Y60A9.3;1;1;1;1;1
WBGene00013364;Y60A3A.16;1;0;1;0;0
WBGene00013327;Y57G11C.38;1;1;1;1;1
WBGene00013325;Y57G11C.36;1;0;0;0;0
WBGene00013322;Y57G11C.32;1;1;1;0;0
WBGene00013318;Y57G11C.23;1;1;1;0;0
WBGene00013310;Y57G11C.14;1;0;0;1;0
WBGene00013306;Y57G11C.8;1;1;1;1;1
WBGene00013304;Y57G11C.6;1;1;1;1;1
WBGene00013303;Y57G11C.5;1;1;1;1;1
WBGene00013297;Y57G11B.5;1;0;1;0;0
WBGene00013290;Y57G11A.2;1;1;1;1;1
WBGene00013279;Y57A10B.7;1;0;0;0;0
WBGene00013275;btb-14;1;0;0;0;0
WBGene00013220;ctl-3;1;0;1;0;0
WBGene00013207;Y54G9A.4;1;1;1;1;1
WBGene00013192;Y54E2A.7;1;1;1;1;1
WBGene00013181;Y53H1B.2;1;1;1;1;0
WBGene00013165;Y53F4B.19;1;1;1;1;1
WBGene00013164;Y53F4B.18;1;0;1;0;0
WBGene00013159;Y53F4B.12;1;1;1;1;1
WBGene00013158;Y53F4B.11;1;1;0;1;1
WBGene00013118;Y51H4A.24;1;0;0;0;0
WBGene00013116;Y51H4A.22;1;1;1;1;1
WBGene00013107;Y51H4A.13;1;1;1;1;0
WBGene00013106;set-26;1;0;0;0;0
WBGene00013093;Y51H1A.2;1;0;0;0;0
WBGene00013080;Y51A2D.13;1;0;0;0;0
WBGene00013079;ttr-26;1;0;1;0;0
WBGene00013078;ttr-25;1;1;1;1;0
WBGene00013077;ttr-24;1;0;1;0;0
WBGene00013075;Y51A2D.7;1;0;0;0;0
WBGene00013074;hmit-1.2;1;0;0;0;0
WBGene00013073;hmit-1.1;1;0;0;0;0
WBGene00013036;fbxa-218;1;0;0;0;0
WBGene00013033;Y49E10.10;1;1;1;0;0
WBGene00013027;Y49A3A.4;1;1;1;1;1
WBGene00013013;clec-145;1;1;1;1;1
WBGene00013009;fbxc-23;1;0;1;0;0
WBGene00013008;clec-146;1;0;1;0;0
WBGene00012990;sam-10;1;0;0;0;0
WBGene00012979;Y48B6A.5;1;1;1;1;0
WBGene00012976;sup-35;1;1;1;1;1
WBGene00012975;Y48A6C.2;1;0;1;0;0
WBGene00012974;Y48A6C.1;1;0;0;0;0
WBGene00012961;Y47H10A.5;1;1;1;1;0
WBGene00012947;Y47H9C.1;1;0;1;0;0
WBGene00012946;Y47H9B.2;1;0;1;1;1
WBGene00012933;mib-1;1;1;1;1;1
WBGene00012930;obr-1;1;0;0;0;0
WBGene00012926;Y47D3A.13;1;1;1;0;1
WBGene00012912;Y46G5A.22;1;1;0;1;1
WBGene00012910;Y46G5A.20;1;0;1;0;0
WBGene00012892;Y45F10D.14;1;1;1;0;0
WBGene00012880;Y45F10C.4;1;0;1;0;0
WBGene00012878;Y45F10C.2;1;0;0;0;0
WBGene00012877;Y45F10C.1;1;1;1;1;1
WBGene00012876;Y45F10B.15;1;1;0;0;0
WBGene00012861;Y45F3A.4;1;1;1;1;1
WBGene00012859;Y45F3A.1;1;0;1;0;0
WBGene00012856;Y44A6D.6;1;1;1;1;1
WBGene00012831;Y43F8C.9;1;1;1;0;0
WBGene00012827;Y43F8C.5;1;1;1;0;0
WBGene00012822;Y43F8B.12;1;1;1;1;1
WBGene00012810;nceh-1;1;1;1;0;0
WBGene00012809;Y43F8A.2;1;1;1;0;1
WBGene00012786;Y43C5B.3;1;0;0;0;0
WBGene00012785;Y43C5B.2;1;1;1;0;0
WBGene00012781;nspd-7;1;1;1;0;1
WBGene00012757;Y41C4A.11;1;0;1;0;0
WBGene00012747;Y40H7A.10;1;0;0;0;0
WBGene00012744;Y40H7A.4;1;1;1;1;1
WBGene00012731;Y39G8C.2;1;1;1;1;1
WBGene00012726;Y39G8B.5;1;1;1;1;1
WBGene00012690;Y39B6A.31;1;1;0;0;0
WBGene00012689;Y39B6A.30;1;1;1;1;0
WBGene00012684;Y39B6A.25;1;1;1;0;0
WBGene00012683;asp-17;1;0;1;0;1
WBGene00012668;Y39B6A.5;1;0;1;0;0
WBGene00012638;Y38H8A.4;1;1;1;0;0
WBGene00012637;Y38H8A.3;1;1;1;1;1
WBGene00012627;Y38H6C.15;1;1;0;1;0
WBGene00012622;Y38H6C.9;1;0;1;1;0
WBGene00012618;dct-10;1;0;1;1;1
WBGene00012605;Y38F1A.1;1;1;1;1;1
WBGene00012604;nspe-2;1;0;1;0;0
WBGene00012595;Y38E10A.17;1;1;1;0;1
WBGene00012592;Y38E10A.14;1;1;1;1;1
WBGene00012588;lips-16;1;0;0;0;0
WBGene00012585;lips-15;1;1;1;1;1
WBGene00012557;Y37D8A.19;1;0;1;0;0
WBGene00012552;enu-3.5;1;0;0;0;0
WBGene00012548;Y37D8A.6;1;0;1;0;0
WBGene00012547;Y37D8A.5;1;1;1;0;1
WBGene00012544;Y37D8A.2;1;0;1;0;0
WBGene00012535;Y37A1A.2;1;1;1;0;1
WBGene00012521;Y32B12B.1;1;0;1;0;0
WBGene00012514;Y26E6A.3;1;0;1;0;0
WBGene00012480;clec-104;1;0;1;0;0
WBGene00012474;attf-6;1;0;0;0;0
WBGene00012457;acbp-6;1;0;1;0;0
WBGene00012450;Y17D7B.2;1;0;0;0;0
WBGene00012428;Y11D7A.3;1;0;1;0;0
WBGene00012416;Y7A9A.1;1;0;0;0;0
WBGene00012399;Y6E2A.5;1;1;1;1;0
WBGene00012382;ttr-16;1;0;1;0;0
WBGene00012381;Y2H9A.4;1;1;1;1;1
WBGene00012379;Y1A5A.1;1;1;1;0;1
WBGene00012358;W09D6.5;1;1;1;1;1
WBGene00012357;W09D6.4;1;1;1;1;1
WBGene00012345;W08E3.4;1;1;1;1;0
WBGene00012333;sre-43;1;1;1;1;1
WBGene00012329;sre-44;1;1;1;1;1
WBGene00012326;W07E11.1;1;0;1;0;0
WBGene00012296;spe-46;1;1;1;1;1
WBGene00012294;nspa-8;1;0;1;0;0
WBGene00012268;W04G5.8;1;0;1;1;1
WBGene00012267;W04G5.7;1;1;1;1;1
WBGene00012253;clec-50;1;0;0;0;0
WBGene00012231;W04A4.2;1;0;1;0;0
WBGene00012227;W03H9.1;1;0;0;0;0
WBGene00012219;W03C9.1;1;1;1;1;1
WBGene00012213;W02D9.7;1;0;0;0;0
WBGene00012212;W02D9.6;1;1;1;1;0
WBGene00012207;W02B12.12;1;1;1;0;1
WBGene00012191;W02A2.8;1;0;1;0;0
WBGene00012185;W01F3.2;1;0;1;0;0
WBGene00012180;W01D2.3;1;1;1;1;1
WBGene00012177;decr-1.2;1;0;1;0;0
WBGene00012176;W01C9.2;1;0;1;1;1
WBGene00012173;W01B6.6;1;0;0;0;0
WBGene00012169;W01B6.2;1;1;1;1;0
WBGene00012159;VY10G11R.1;1;1;1;1;1
WBGene00012155;VW02B12L.2;1;0;1;0;0
WBGene00012141;T28F4.6;1;0;1;0;0
WBGene00012139;T28F4.4;1;0;1;0;0
WBGene00012138;T28F4.3;1;1;1;1;0
WBGene00012134;T28F3.8;1;0;0;0;0
WBGene00012115;T28B8.4;1;1;0;1;0
WBGene00012102;T27F6.1;1;0;1;1;0
WBGene00012091;T27E7.6;1;1;1;1;1
WBGene00012087;T27E7.1;1;1;1;1;1
WBGene00012081;T27C5.8;1;1;1;1;1
WBGene00012017;T25C8.1;1;1;1;1;1
WBGene00012012;T25B9.6;1;1;1;0;1
WBGene00012011;T25B9.5;1;1;1;0;0
WBGene00012003;T24H10.5;1;0;0;0;0
WBGene00011984;T24C2.5;1;0;1;0;0
WBGene00011968;T23G11.1;1;1;1;1;1
WBGene00011954;T23F11.2;1;1;1;1;1
WBGene00011951;T23F6.3;1;1;1;0;1
WBGene00011919;T22C1.9;1;1;0;0;0
WBGene00011918;T22C1.8;1;1;1;1;1
WBGene00011911;T22B3.3;1;0;0;0;0
WBGene00011910;alg-3;1;1;1;1;1
WBGene00011874;T20G5.13;1;0;1;1;1
WBGene00011848;chil-27;1;0;1;1;0
WBGene00011830;cyp-29A2;1;0;1;0;0
WBGene00011829;T19A6.4;1;0;1;0;0
WBGene00011804;T16G12.3;1;0;0;0;0
WBGene00011795;T16A9.5;1;1;1;0;1
WBGene00011793;T16A9.3;1;0;1;1;0
WBGene00011777;T14G10.8;1;0;0;0;0
WBGene00011765;frpr-17;1;0;1;0;0
WBGene00011754;T13F3.7;1;1;1;1;1
WBGene00011748;T13F2.9;1;1;1;1;1
WBGene00011713;T11F9.12;1;0;1;0;0
WBGene00011712;T11F9.10;1;1;1;1;1
WBGene00011707;T11B7.2;1;1;1;1;1
WBGene00011684;T10B10.8;1;1;1;1;1
WBGene00011680;T10B10.3;1;0;0;0;0
WBGene00011645;T09B9.4;1;0;0;0;0
WBGene00011629;T08G11.1;1;0;0;0;0
WBGene00011624;T08G5.3;1;1;1;1;1
WBGene00011617;T08G3.4;1;1;1;0;1
WBGene00011612;T08D2.7;1;0;0;0;0
WBGene00011608;T08D2.3;1;0;0;0;0
WBGene00011599;T07G12.8;1;1;1;0;0
WBGene00011587;T07F10.1;1;0;0;0;0
WBGene00011579;T07D4.2;1;1;1;1;1
WBGene00011571;ttr-46;1;0;1;0;0
WBGene00011561;ttr-15;1;0;1;0;0
WBGene00011539;fbxa-135;1;1;1;1;1
WBGene00011524;T06D8.3;1;1;1;1;1
WBGene00011493;T05F1.8;1;1;1;0;0
WBGene00011491;T05F1.5;1;1;1;0;1
WBGene00011490;T05F1.4;1;1;1;0;0
WBGene00011478;T05D4.5;1;0;0;1;0
WBGene00011466;T05C12.1;1;1;1;0;0
WBGene00011446;T04F8.8;1;0;1;0;0
WBGene00011438;T04F3.3;1;1;0;0;0
WBGene00011423;ipla-7;1;0;0;0;0
WBGene00011401;T03F6.6;1;1;1;0;1
WBGene00011379;T02E1.7;1;1;1;0;0
WBGene00011378;T02E1.6;1;1;1;0;1
WBGene00011336;ubxn-5;1;1;0;0;0
WBGene00011335;T01E8.8;1;0;1;0;0
WBGene00011299;ikke-1;1;0;0;0;0
WBGene00011297;R102.10;1;1;1;0;0
WBGene00011267;fbxb-85;1;1;1;0;1
WBGene00011262;pho-8;1;0;0;0;0
WBGene00011260;R13G10.4;1;0;0;1;0
WBGene00011252;R11H6.4;1;1;1;0;0
WBGene00011241;mpz-5;1;0;0;0;0
WBGene00011214;R10E9.2;1;1;1;1;1
WBGene00011203;R10E4.7;1;1;1;1;0
WBGene00011190;swt-6;1;0;1;0;0
WBGene00011176;R09E10.6;1;1;1;1;1
WBGene00011173;acs-18;1;1;1;0;0
WBGene00011172;R09E10.2;1;0;1;0;0
WBGene00011168;R09D1.12;1;1;1;1;0
WBGene00011161;chil-18;1;0;1;0;0
WBGene00011152;R09A8.1;1;0;0;0;0
WBGene00011133;R08A2.2;1;0;0;0;0
WBGene00011132;R08A2.1;1;0;0;1;0
WBGene00011124;sdz-27;1;0;1;0;0
WBGene00011120;R07E5.15;1;1;1;0;0
WBGene00011105;R07E3.4;1;0;1;0;0
WBGene00011088;R07B7.4;1;1;1;1;0
WBGene00011052;arrd-11;1;1;1;1;1
WBGene00011028;R05D7.3;1;1;1;1;1
WBGene00010994;lgc-25;1;1;1;1;1
WBGene00010992;R03D7.8;1;0;0;1;0
WBGene00010989;R03D7.2;1;0;0;0;0
WBGene00010980;R02D5.7;1;1;1;0;0
WBGene00010933;M162.7;1;1;0;0;0
WBGene00010932;M162.6;1;1;1;1;1
WBGene00010920;M117.4;1;1;0;1;1
WBGene00010910;M106.2;1;0;0;0;0
WBGene00010906;M88.3;1;0;1;0;0
WBGene00010901;M28.10;1;0;1;0;0
WBGene00010900;M28.9;1;1;1;0;1
WBGene00010883;M7.7;1;0;0;0;0
WBGene00010876;M05D6.3;1;1;1;1;0
WBGene00010871;M05B5.3;1;0;0;1;0
WBGene00010869;M05B5.1;1;1;1;0;0
WBGene00010840;M03C11.3;1;0;0;0;0
WBGene00010822;M01G12.9;1;1;1;1;1
WBGene00010779;K11H3.2;1;0;0;0;0
WBGene00010778;gpdh-2;1;0;1;0;0
WBGene00010719;K09E4.1;1;1;1;1;0
WBGene00010712;K09B11.5;1;1;1;0;0
WBGene00010707;cyp-14A3;1;0;1;1;1
WBGene00010697;uda-1;1;0;1;0;0
WBGene00010686;K08F9.3;1;1;1;1;0
WBGene00010657;K08D8.3;1;0;0;0;0
WBGene00010651;K08C9.2;1;1;1;0;0
WBGene00010646;K08C7.1;1;0;0;0;0
WBGene00010633;nspd-2;1;1;1;0;1
WBGene00010623;K07A12.5;1;1;0;1;0
WBGene00010620;K07A12.1;1;1;1;1;0
WBGene00010614;cri-1;1;0;0;0;0
WBGene00010613;K07A1.6;1;0;1;0;0
WBGene00010612;K07A1.5;1;1;0;1;0
WBGene00010611;K07A1.4;1;1;1;1;1
WBGene00010605;K06G5.1;1;0;1;0;0
WBGene00010593;gsnl-1;1;0;1;0;0
WBGene00010578;K04H8.3;1;1;1;1;0
WBGene00010574;K04H4.5;1;1;1;1;1
WBGene00010563;K04G2.4;1;1;1;1;0
WBGene00010547;K03H1.12;1;0;0;0;0
WBGene00010545;cbp-2;1;0;0;0;0
WBGene00010539;ttr-2;1;1;1;0;0
WBGene00010526;K03B8.11;1;1;1;1;1
WBGene00010510;ent-3;1;1;1;0;0
WBGene00010486;K01H12.4;1;1;1;0;1
WBGene00010485;ant-1.3;1;1;1;1;1
WBGene00010474;K01D12.15;1;0;0;0;0
WBGene00010456;K01C8.1;1;0;0;0;0
WBGene00010440;ttr-51;1;1;1;1;1
WBGene00010434;H40L08.3;1;1;1;1;1
WBGene00010414;hpa-1;1;1;1;1;1
WBGene00010373;H08M01.1;1;1;1;1;0
WBGene00010366;H05L14.1;1;1;1;0;1
WBGene00010365;H04D03.4;1;0;1;0;0
WBGene00010348;H01G02.1;1;1;1;1;0
WBGene00010327;F59C6.8;1;0;1;0;1
WBGene00010323;dhhc-12;1;1;0;0;0
WBGene00010314;F59B2.12;1;0;0;0;0
WBGene00010308;F59B2.3;1;0;1;0;0
WBGene00010296;dgat-2;1;0;1;0;1
WBGene00010289;F58H1.6;1;0;1;1;0
WBGene00010269;F58G1.7;1;1;1;1;1
WBGene00010265;F58G1.3;1;1;1;0;1
WBGene00010264;F58G1.2;1;0;0;0;0
WBGene00010262;droe-4;1;1;1;1;1
WBGene00010254;F58E6.5;1;1;1;0;0
WBGene00010246;F58D5.7;1;1;1;1;1
WBGene00010245;F58D5.6;1;1;0;0;0
WBGene00010241;F58D2.2;1;1;1;1;1
WBGene00010204;F57F5.1;1;0;0;0;0
WBGene00010196;F57C2.4;1;0;1;0;0
WBGene00010172;oac-36;1;0;0;0;0
WBGene00010171;oac-35;1;0;0;0;0
WBGene00010170;F56H6.9;1;0;0;0;1
WBGene00010168;F56H6.7;1;0;1;0;1
WBGene00010167;F56H6.6;1;0;0;0;1
WBGene00010165;F56H6.4;1;1;1;1;1
WBGene00010163;F56H6.2;1;1;1;1;1
WBGene00010162;F56H6.1;1;1;1;0;1
WBGene00010155;F56F3.4;1;1;1;1;1
WBGene00010136;F55H12.5;1;1;1;0;0
WBGene00010135;F55H12.4;1;0;1;0;0
WBGene00010108;F55C10.4;1;1;1;1;1
WBGene00010092;F55C5.2;1;1;1;1;1
WBGene00010091;ssp-35;1;1;1;1;1
WBGene00010086;F55B11.4;1;0;1;0;0
WBGene00010085;F55B11.3;1;0;1;0;0
WBGene00010084;F55B11.2;1;0;1;0;0
WBGene00010082;F55A11.11;1;1;1;0;0
WBGene00010072;F54F12.1;1;1;1;1;0
WBGene00010065;F54F7.3;1;1;1;0;0
WBGene00010064;F54F7.2;1;0;1;0;0
WBGene00010046;F54D1.1;1;1;1;0;0
WBGene00010041;F54C9.3;1;0;0;0;0
WBGene00010008;F53H4.3;1;1;1;1;1
WBGene00010007;F53H4.2;1;0;1;0;0
WBGene00010006;F53H2.3;1;0;0;0;0
WBGene00009971;F53C11.1;1;0;0;0;0
WBGene00009962;F53B6.7;1;1;0;0;0
WBGene00009959;F53B6.4;1;1;1;0;1
WBGene00009956;F53B2.5;1;1;1;1;0
WBGene00009953;F53A2.9;1;1;0;1;0
WBGene00009948;F52H3.6;1;1;1;0;0
WBGene00009942;F52F12.9;1;0;1;0;0
WBGene00009938;F52F12.5;1;0;1;0;0
WBGene00009909;F49H6.8;1;1;1;1;1
WBGene00009908;F49H6.5;1;0;1;1;1
WBGene00009898;dod-23;1;0;0;0;0
WBGene00009884;F49C12.15;1;1;1;1;1
WBGene00009877;F49C12.7;1;0;0;0;0
WBGene00009846;F48F5.2;1;0;0;0;0
WBGene00009840;fbxa-189;1;0;1;0;0
WBGene00009823;gadr-6;1;1;1;1;1
WBGene00009822;clec-113;1;1;1;1;1
WBGene00009803;F47B8.2;1;0;1;0;0
WBGene00009755;F46A9.2;1;0;0;0;0
WBGene00009754;F46A9.1;1;1;1;0;0
WBGene00009753;scrm-6;1;0;0;1;0
WBGene00009708;F44G3.7;1;1;1;1;1
WBGene00009705;F44F4.10;1;1;1;1;0
WBGene00009691;F44E5.4;1;0;1;1;0
WBGene00009690;F44E5.3;1;0;1;0;0
WBGene00009686;ent-7;1;0;0;0;0
WBGene00009685;F44D12.8;1;1;1;0;1
WBGene00009682;msd-2;1;1;1;0;0
WBGene00009681;gipc-2;1;1;1;1;1
WBGene00009663;hda-5;1;0;0;0;0
WBGene00009645;F42G10.1;1;0;0;0;0
WBGene00009644;F42G4.7;1;0;0;0;0
WBGene00009641;F42G4.2;1;1;1;1;1
WBGene00009640;nspc-10;1;0;1;0;0
WBGene00009626;F42A8.1;1;0;1;0;0
WBGene00009605;F40G12.10;1;1;1;1;1
WBGene00009603;srt-33;1;1;1;1;1
WBGene00009599;F40G12.4;1;1;1;1;1
WBGene00009592;F40F12.3;1;1;0;1;0
WBGene00009589;F40F11.4;1;1;1;1;1
WBGene00009581;F40F9.3;1;1;1;0;0
WBGene00009578;F40F8.5;1;0;1;0;0
WBGene00009548;F38H4.4;1;1;1;0;1
WBGene00009543;F38E11.6;1;1;1;1;1
WBGene00009541;cutl-17;1;1;1;0;1
WBGene00009523;clec-165;1;0;0;0;0
WBGene00009520;clec-168;1;1;1;0;1
WBGene00009518;clec-166;1;0;1;0;0
WBGene00009517;clec-167;1;1;1;0;0
WBGene00009514;F37H8.5;1;0;1;0;0
WBGene00009502;F37A8.2;1;1;1;1;0
WBGene00009492;F36H1.3;1;1;0;1;1
WBGene00009489;F36G9.13;1;1;1;0;0
WBGene00009488;oac-20;1;0;0;0;0
WBGene00009471;F36D3.5;1;1;1;0;1
WBGene00009470;F36D3.4;1;1;1;0;1
WBGene00009463;F36D1.4;1;0;0;0;0
WBGene00009459;F36A2.12;1;0;0;0;0
WBGene00009457;F36A2.10;1;1;1;0;0
WBGene00009449;F35H8.4;1;0;0;0;0
WBGene00009434;F35E12.10;1;0;1;0;0
WBGene00009430;F35E12.6;1;0;1;0;0
WBGene00009429;F35E12.5;1;0;0;0;0
WBGene00009426;F35E12.2;1;1;0;0;0
WBGene00009424;F35E8.13;1;0;0;0;0
WBGene00009416;F35E2.9;1;1;1;0;1
WBGene00009413;oac-19;1;1;1;0;0
WBGene00009412;F35E2.5;1;0;1;1;1
WBGene00009390;F35C5.1;1;0;1;0;0
WBGene00009377;F34D10.8;1;1;1;0;1
WBGene00009362;F33E2.6;1;0;1;1;1
WBGene00009345;F32H2.8;1;0;1;0;0
WBGene00009344;F32H2.7;1;1;1;1;1
WBGene00009321;F32B6.4;1;1;1;0;0
WBGene00009313;F32B4.2;1;1;1;0;1
WBGene00009308;F32A11.3;1;1;1;1;1
WBGene00009245;rict-1;1;0;0;0;0
WBGene00009241;F28H7.8;1;0;1;0;0
WBGene00009239;irld-6;1;1;1;1;0
WBGene00009222;fbxa-95;1;0;1;0;1
WBGene00009215;thn-2;1;0;1;0;0
WBGene00009193;F27E5.3;1;1;0;0;0
WBGene00009185;F27C8.5;1;1;1;0;1
WBGene00009182;F26H11.4;1;0;0;0;0
WBGene00009178;uggt-2;1;1;1;1;0
WBGene00009168;F26F2.3;1;1;1;1;1
WBGene00009154;F26D2.16;1;0;0;0;0
WBGene00009149;F26D2.10;1;1;1;0;0
WBGene00009143;F26A3.5;1;1;1;0;1
WBGene00009130;F25H5.8;1;1;1;1;0
WBGene00009129;F25H5.7;1;1;1;1;1
WBGene00009115;F25F2.1;1;0;1;1;1
WBGene00009104;F25C8.1;1;0;0;0;0
WBGene00009101;F25B3.4;1;1;1;1;0
WBGene00009091;F23D12.7;1;0;1;0;0
WBGene00009079;F23B12.1;1;1;1;1;1
WBGene00009077;F23B2.10;1;1;1;1;1
WBGene00009071;F23A7.6;1;0;0;0;0
WBGene00009061;F22G12.1;1;1;1;1;1
WBGene00009054;F22D6.9;1;0;1;1;0
WBGene00009031;F21H7.5;1;1;1;1;1
WBGene00009028;F21H7.2;1;1;1;1;0
WBGene00009016;F21D9.2;1;1;1;1;1
WBGene00008975;F20D1.3;1;0;1;0;0
WBGene00008950;wht-5;1;1;1;1;0
WBGene00008945;F19B2.6;1;1;1;1;1
WBGene00008940;F18H3.4;1;0;1;0;0
WBGene00008922;F17C11.11;1;0;1;0;0
WBGene00008912;F17C8.7;1;1;1;1;0
WBGene00008902;phf-32;1;1;1;1;1
WBGene00008873;F15H10.6;1;1;1;0;0
WBGene00008865;F15G9.1;1;1;1;1;0
WBGene00008862;F15D4.5;1;1;1;1;1
WBGene00008858;F15D3.8;1;1;1;0;1
WBGene00008850;F15B9.6;1;1;1;1;1
WBGene00008833;F14H8.2;1;1;1;1;1
WBGene00008829;cyp-35D1;1;0;0;0;0
WBGene00008811;F14F7.4;1;1;0;0;0
WBGene00008808;ntr-2;1;1;1;0;0
WBGene00008804;acp-4;1;1;1;1;1
WBGene00008801;acp-3;1;0;0;1;0
WBGene00008777;F13H10.6;1;0;1;0;0
WBGene00008744;F13D12.10;1;1;1;1;1
WBGene00008741;F13D12.6;1;0;0;0;0
WBGene00008739;F13D12.3;1;0;1;0;0
WBGene00008724;F13A7.1;1;0;1;0;0
WBGene00008707;F11E6.3;1;0;1;0;0
WBGene00008680;F11A5.15;1;1;1;1;0
WBGene00008678;stdh-2;1;0;1;1;1
WBGene00008671;F11A5.3;1;0;1;0;0
WBGene00008661;F10G8.1;1;1;1;0;0
WBGene00008659;clec-151;1;1;1;0;0
WBGene00008658;clec-152;1;1;1;0;0
WBGene00008654;F10F2.2;1;0;0;0;0
WBGene00008598;spin-3;1;0;0;0;0
WBGene00008592;F08H9.4;1;0;1;1;1
WBGene00008591;F08H9.3;1;1;1;1;1
WBGene00008590;F08H9.2;1;0;0;0;1
WBGene00008581;acl-13;1;0;0;0;0
WBGene00008579;F08G2.8;1;1;1;1;1
WBGene00008577;F08G2.5;1;1;1;1;1
WBGene00008572;F08B12.4;1;1;1;1;0
WBGene00008541;F07A5.2;1;1;1;0;1
WBGene00008510;lipl-7;1;0;1;0;0
WBGene00008508;F01G10.5;1;1;1;0;1
WBGene00008507;F01G10.4;1;1;1;0;1
WBGene00008500;F01D5.10;1;1;1;1;1
WBGene00008499;cyp-37A1;1;0;0;0;0
WBGene00008498;F01D5.8;1;0;0;0;0
WBGene00008476;E03H4.8;1;1;1;1;0
WBGene00008447;E01G4.5;1;1;1;0;0
WBGene00008423;D2045.5;1;1;1;1;1
WBGene00008422;D2045.2;1;0;1;0;0
WBGene00008394;D1086.7;1;0;1;0;0
WBGene00008393;D1086.6;1;0;1;0;0
WBGene00008388;D1086.1;1;1;1;0;0
WBGene00008383;D1081.5;1;1;1;0;0
WBGene00008378;D1054.11;1;0;0;0;0
WBGene00008341;ttr-44;1;0;0;0;0
WBGene00008313;C54G4.3;1;1;0;0;0
WBGene00008312;C54G4.2;1;1;0;0;0
WBGene00008302;C54D10.8;1;1;1;1;1
WBGene00008301;dct-3;1;1;1;1;1
WBGene00008299;C54D10.4;1;1;0;0;0
WBGene00008295;nlp-39;1;1;1;0;0
WBGene00008285;C53D6.8;1;1;1;1;1
WBGene00008277;mltn-12;1;1;1;1;1
WBGene00008267;C53A5.9;1;1;1;1;1
WBGene00008259;C52E4.7;1;1;1;1;1
WBGene00008235;C50F4.10;1;1;1;1;0
WBGene00008230;pfk-1.2;1;1;1;1;1
WBGene00008194;C49C3.4;1;0;0;0;0
WBGene00008185;best-10;1;0;0;0;0
WBGene00008183;rin-1;1;0;0;0;0
WBGene00008162;C47F8.6;1;1;1;1;1
WBGene00008161;C47F8.5;1;1;1;1;1
WBGene00008160;glct-4;1;1;1;1;1
WBGene00008159;C47F8.3;1;0;0;0;0
WBGene00008154;C47E12.11;1;0;1;0;0
WBGene00008139;C47D12.5;1;0;1;0;0
WBGene00008137;sfxn-1.4;1;1;1;1;0
WBGene00008113;C46C2.5;1;0;0;0;0
WBGene00008105;C45B11.2;1;1;1;1;0
WBGene00008099;C44H9.4;1;1;1;1;1
WBGene00008079;C44B9.2;1;1;1;1;0
WBGene00008074;nkb-2;1;1;1;0;1
WBGene00008068;sdz-6;1;1;1;1;1
WBGene00008050;C41C4.1;1;0;0;0;0
WBGene00008013;C38D9.5;1;1;1;1;1
WBGene00008010;C38D9.2;1;1;1;1;1
WBGene00007997;sre-13;1;1;1;1;1
WBGene00007987;C36H8.1;1;1;1;0;1
WBGene00007986;C36F7.5;1;1;0;0;0
WBGene00007977;gska-3;1;1;1;0;0
WBGene00007964;cyp-25A2;1;0;0;0;0
WBGene00007953;hda-11;1;0;1;0;0
WBGene00007948;C35A5.4;1;0;0;0;0
WBGene00007946;ugt-33;1;0;0;0;0
WBGene00007913;cyp-36A1;1;0;1;0;0
WBGene00007892;C33B4.4;1;1;1;1;1
WBGene00007882;C33A12.3;1;1;1;1;1
WBGene00007849;tbc-19;1;1;1;1;1
WBGene00007798;C29A12.2;1;0;1;0;0
WBGene00007796;C28D4.10;1;0;0;0;0
WBGene00007794;C28D4.7;1;1;1;0;0
WBGene00007793;C28D4.5;1;1;1;0;1
WBGene00007791;C28A5.6;1;1;1;1;1
WBGene00007778;C27D8.2;1;1;1;1;0
WBGene00007777;C27D8.1;1;1;1;0;1
WBGene00007766;C27C7.1;1;0;0;0;0
WBGene00007765;C27B7.9;1;0;1;0;0
WBGene00007750;syg-2;1;1;1;1;0
WBGene00007744;C26D10.3;1;0;0;0;0
WBGene00007733;smz-1;1;1;1;1;1
WBGene00007717;C25D7.5;1;0;0;0;0
WBGene00007693;C23H4.4;1;0;1;0;0
WBGene00007692;C23H4.3;1;1;1;0;1
WBGene00007688;C18E9.8;1;1;1;0;1
WBGene00007680;maa-1;1;0;1;0;0
WBGene00007660;C17H1.7;1;1;1;1;1
WBGene00007658;C17H1.5;1;1;1;1;1
WBGene00007657;C17H1.4;1;1;1;1;1
WBGene00007635;npr-4;1;0;1;0;0
WBGene00007631;wht-3;1;0;1;0;0
WBGene00007614;gnrr-2;1;0;1;0;0
WBGene00007610;C15H7.3;1;1;1;0;0
WBGene00007601;C15C6.2;1;1;1;0;1
WBGene00007584;C14C10.1;1;1;1;0;1
WBGene00007574;C14B1.3;1;0;1;0;0
WBGene00007563;C14A4.13;1;1;1;0;0
WBGene00007521;C11E4.7;1;0;0;0;0
WBGene00007515;C10C6.7;1;0;0;0;0
WBGene00007503;C09H10.9;1;1;1;1;1
WBGene00007487;C09G1.5;1;1;1;0;0
WBGene00007478;C09F9.1;1;0;0;0;0
WBGene00007461;C08F11.14;1;1;1;1;0
WBGene00007459;C08F11.12;1;0;1;0;0
WBGene00007458;C08F11.11;1;0;1;0;0
WBGene00007457;C08F11.10;1;1;1;0;1
WBGene00007453;fbxa-98;1;1;1;0;0
WBGene00007448;C08F8.6;1;1;1;0;0
WBGene00007446;mboa-4;1;1;1;0;0
WBGene00007440;C08E8.4;1;1;1;1;1
WBGene00007381;C06C6.7;1;0;0;0;0
WBGene00007362;cyp-35C1;1;0;1;0;0
WBGene00007354;C06A1.3;1;1;1;1;1
WBGene00007351;C05G5.5;1;1;1;1;0
WBGene00007337;C05C12.5;1;1;1;0;0
WBGene00007335;C05C12.1;1;1;1;0;0
WBGene00007331;pho-11;1;0;0;0;0
WBGene00007323;fbxa-155;1;1;1;1;1
WBGene00007320;C05B5.2;1;1;1;0;0
WBGene00007315;C04H5.7;1;0;1;0;0
WBGene00007309;C04G2.10;1;1;1;0;0
WBGene00007308;C04G2.9;1;1;1;1;1
WBGene00007307;spch-1;1;1;1;0;1
WBGene00007306;C04G2.5;1;1;1;0;0
WBGene00007305;C04G2.2;1;1;1;0;0
WBGene00007301;C04F12.7;1;1;1;1;1
WBGene00007297;C04F12.1;1;1;1;1;1
WBGene00007282;clec-223;1;0;1;0;0
WBGene00007274;C03C11.1;1;0;0;0;0
WBGene00007261;lron-3;1;1;1;0;0
WBGene00007248;catp-4;1;1;1;1;1
WBGene00007244;C01G12.3;1;0;1;0;0
WBGene00007230;C01G10.1;1;1;1;1;0
WBGene00007222;C01F6.2;1;1;1;0;0
WBGene00007209;BE10.1;1;1;1;0;0
WBGene00007198;B0513.6;1;1;1;1;1
WBGene00007190;rmd-3;1;1;1;0;1
WBGene00007169;B0393.4;1;1;0;0;0
WBGene00007159;B0379.7;1;1;1;0;1
WBGene00007153;clec-41;1;0;0;0;0
WBGene00007134;B0284.4;1;0;1;1;1
WBGene00007133;B0284.3;1;1;1;1;0
WBGene00007132;B0284.2;1;1;1;1;1
WBGene00007131;B0284.1;1;1;1;1;1
WBGene00007130;B0272.4;1;0;1;0;0
WBGene00007117;spe-42;1;0;1;0;1
WBGene00007097;B0024.4;1;0;1;1;0
WBGene00007082;acs-10;1;1;1;1;1
WBGene00007081;AH6.3;1;0;0;0;0
WBGene00007060;wht-6;1;1;1;1;0
WBGene00007055;tag-196;1;0;1;0;0
WBGene00006986;zip-1;1;0;1;0;0
WBGene00006930;vit-6;1;0;0;0;0
WBGene00006929;vit-5;1;0;0;0;0
WBGene00006928;vit-4;1;0;0;0;0
WBGene00006927;vit-3;1;0;0;0;0
WBGene00006926;vit-2;1;0;0;0;0
WBGene00006895;ver-2;1;1;1;1;0
WBGene00006894;ver-1;1;1;1;1;1
WBGene00006893;spon-1;1;0;0;0;0
WBGene00006816;unc-84;1;0;0;0;0
WBGene00006767;unc-31;1;1;1;1;1
WBGene00006764;unc-27;1;0;0;0;0
WBGene00006742;unc-2;1;0;1;0;0
WBGene00006718;ubc-23;1;1;1;1;1
WBGene00006699;uba-1;1;0;0;0;0
WBGene00006695;twk-45;1;1;1;1;1
WBGene00006692;twk-42;1;0;1;0;0
WBGene00006675;twk-22;1;1;1;1;1
WBGene00006674;twk-21;1;1;1;1;1
WBGene00006658;twk-3;1;0;0;0;0
WBGene00006623;try-5;1;1;1;1;1
WBGene00006606;tra-3;1;0;1;0;0
WBGene00006553;tbx-34;1;1;1;0;0
WBGene00006539;tbb-6;1;1;1;1;1
WBGene00006533;tba-7;1;1;1;0;0
WBGene00006509;tag-164;1;1;1;1;0
WBGene00006496;cgef-1;1;0;1;0;0
WBGene00006452;heh-1;1;0;1;0;0
WBGene00006449;alg-4;1;1;1;1;1
WBGene00006416;sams-5;1;1;1;1;0
WBGene00006409;hdl-2;1;1;1;0;1
WBGene00006394;taf-11.2;1;1;1;1;1
WBGene00006384;taf-3;1;0;1;0;0
WBGene00006379;sys-1;1;0;1;0;0
WBGene00006377;syp-3;1;0;1;0;0
WBGene00006273;str-246;1;0;0;0;1
WBGene00006214;str-170;1;1;1;1;1
WBGene00006195;str-148;1;1;1;1;1
WBGene00006130;str-68;1;1;1;1;1
WBGene00006058;sst-20;1;0;1;0;0
WBGene00006056;sss-1;1;1;1;1;1
WBGene00006053;ssq-4;1;1;1;1;1
WBGene00006052;ssq-3;1;1;1;0;1
WBGene00006051;ssq-2;1;1;1;0;0
WBGene00006050;ssq-1;1;1;1;0;0
WBGene00006047;ssp-19;1;0;0;0;0
WBGene00006044;ssp-16;1;1;1;0;0
WBGene00006040;ssp-11;1;0;0;0;0
WBGene00006039;ssp-10;1;0;1;0;1
WBGene00005982;srx-91;1;1;0;0;1
WBGene00005981;srx-90;1;1;1;1;1
WBGene00005979;srx-88;1;0;1;1;1
WBGene00005959;srx-68;1;1;1;1;1
WBGene00005912;srx-21;1;1;1;1;0
WBGene00005905;srx-14;1;1;0;1;0
WBGene00005904;srx-13;1;1;1;1;1
WBGene00005898;srx-7;1;1;1;1;1
WBGene00005882;srw-135;1;1;1;1;1
WBGene00005782;srw-35;1;1;1;1;1
WBGene00005662;sars-2;1;1;1;0;0
WBGene00005643;srp-2;1;0;1;0;0
WBGene00005642;srp-1;1;0;1;0;0
WBGene00005638;srm-1;1;1;1;1;1
WBGene00005630;srj-51;1;1;1;1;1
WBGene00005547;sri-35;1;0;1;1;1
WBGene00005529;sri-17;1;1;1;1;1
WBGene00005528;sri-16;1;1;1;1;1
WBGene00005308;srh-87;1;1;1;1;1
WBGene00005307;srh-86;1;1;1;1;1
WBGene00005235;srh-9;1;1;1;1;1
WBGene00005227;srh-1;1;0;1;0;0
WBGene00005150;sre-2;1;1;0;0;1
WBGene00005131;srd-53;1;0;0;0;0
WBGene00005000;spp-15;1;0;1;0;0
WBGene00004999;spp-14;1;0;0;0;0
WBGene00004995;spp-10;1;0;1;0;0
WBGene00004994;spp-9;1;0;1;0;0
WBGene00004990;spp-5;1;0;0;0;0
WBGene00004986;spp-1;1;0;1;0;0
WBGene00004976;spe-41;1;1;1;1;1
WBGene00004972;spe-26;1;1;1;1;0
WBGene00004969;spe-15;1;1;1;1;1
WBGene00004965;spe-11;1;1;1;0;0
WBGene00004963;spe-9;1;1;0;1;0
WBGene00004960;spe-6;1;1;1;1;0
WBGene00004959;spe-5;1;0;0;0;0
WBGene00004922;snt-2;1;0;1;0;0
WBGene00004909;snf-10;1;1;1;0;0
WBGene00004908;snf-9;1;1;1;0;0
WBGene00004906;snf-7;1;1;1;0;0
WBGene00004904;snf-5;1;0;1;1;0
WBGene00004901;snf-2;1;1;1;1;0
WBGene00004897;snb-1;1;0;1;0;0
WBGene00004850;sls-2.18;1;0;1;1;1
WBGene00004849;sls-2.17;1;1;1;1;1
WBGene00004843;sls-2.11;1;1;1;1;1
WBGene00004842;sls-2.10;1;1;1;1;1
WBGene00004841;sls-2.9;1;0;0;0;0
WBGene00004839;sls-2.7;1;1;1;1;1
WBGene00004837;sls-2.5;1;1;1;1;1
WBGene00004810;skr-4;1;1;1;0;1
WBGene00004809;skr-3;1;0;1;0;0
WBGene00004776;ser-1;1;1;1;1;1
WBGene00004745;sdc-1;1;1;1;0;1
WBGene00004509;rrf-2;1;1;1;1;1
WBGene00004405;rop-1;1;1;0;0;0
WBGene00004403;rom-4;1;0;0;0;0
WBGene00004402;rom-3;1;1;1;0;0
WBGene00004395;rol-3;1;1;1;1;1
WBGene00004373;rme-1;1;0;1;0;0
WBGene00004249;pvf-1;1;0;1;0;0
WBGene00004238;ptr-24;1;0;0;0;0
WBGene00004227;ptr-13;1;1;1;1;1
WBGene00004172;pqn-92;1;1;1;0;0
WBGene00004166;pqn-85;1;0;1;0;0
WBGene00004157;pqn-75;1;0;1;0;0
WBGene00004131;pqn-44;1;0;0;0;0
WBGene00004128;pqn-41;1;0;0;0;0
WBGene00004113;pqn-24;1;0;1;0;0
WBGene00004112;pqn-22;1;0;0;0;0
WBGene00004103;pqn-11;1;0;0;0;0
WBGene00004093;ppw-1;1;0;1;0;0
WBGene00004075;pod-1;1;0;0;0;0
WBGene00004061;pmp-4;1;0;1;0;0
WBGene00004057;pmk-3;1;0;1;0;0
WBGene00004041;plg-1;1;0;0;0;0
WBGene00004035;pkd-2;1;1;1;1;0
WBGene00004030;pin-2;1;1;1;0;0
WBGene00004002;pgp-8;1;1;1;1;1
WBGene00004001;pgp-7;1;1;1;1;1
WBGene00003995;pgp-1;1;0;0;0;0
WBGene00003990;pfn-2;1;0;1;0;0
WBGene00003987;pes-23;1;0;1;0;0
WBGene00003891;osm-11;1;0;1;0;0
WBGene00003889;osm-9;1;1;1;1;1
WBGene00003876;pept-2;1;0;1;0;0
WBGene00003841;ocr-4;1;1;0;0;1
WBGene00003840;ocr-3;1;1;1;1;1
WBGene00003812;nrf-5;1;0;1;0;0
WBGene00003765;nlp-27;1;0;1;0;0
WBGene00003610;nhr-11;1;1;1;1;1
WBGene00003590;nex-3;1;1;1;1;1
WBGene00003589;nex-2;1;1;1;0;0
WBGene00003588;nex-1;1;0;1;0;0
WBGene00003579;ndx-2;1;0;0;0;0
WBGene00003577;ndg-4;1;0;1;0;0
WBGene00003572;ncx-7;1;1;1;1;1
WBGene00003562;ncr-2;1;1;1;0;0
WBGene00003539;nas-20;1;0;1;0;0
WBGene00003524;nas-5;1;0;1;1;0
WBGene00003474;mtl-2;1;0;0;0;0
WBGene00003470;msp-152;1;1;1;0;1
WBGene00003469;msp-142;1;1;1;0;1
WBGene00003468;msp-113;1;1;1;0;1
WBGene00003467;msp-81;1;1;1;1;1
WBGene00003466;msp-79;1;0;0;0;0
WBGene00003465;msp-78;1;1;1;0;0
WBGene00003464;msp-77;1;1;1;0;0
WBGene00003463;msp-76;1;1;1;0;0
WBGene00003458;msp-65;1;1;1;1;1
WBGene00003457;msp-64;1;1;1;0;1
WBGene00003456;msp-63;1;0;0;0;0
WBGene00003452;msp-59;1;1;1;1;0
WBGene00003450;msp-57;1;1;1;1;1
WBGene00003449;msp-56;1;1;1;0;0
WBGene00003448;msp-55;1;1;1;0;1
WBGene00003446;msp-53;1;1;1;0;1
WBGene00003445;msp-52;1;1;1;1;1
WBGene00003444;msp-51;1;1;1;0;0
WBGene00003443;msp-50;1;1;1;1;1
WBGene00003442;msp-49;1;1;1;1;0
WBGene00003438;msp-45;1;1;1;1;0
WBGene00003435;msp-40;1;1;1;1;1
WBGene00003434;msp-38;1;1;1;0;0
WBGene00003432;msp-36;1;1;1;1;1
WBGene00003431;msp-33;1;1;1;0;1
WBGene00003429;msp-31;1;1;1;1;1
WBGene00003426;msp-19;1;1;1;0;0
WBGene00003425;msp-10;1;0;0;0;0
WBGene00003424;msp-3;1;1;1;0;0
WBGene00003423;msi-1;1;0;1;0;0
WBGene00003414;mrp-8;1;1;1;1;1
WBGene00003412;mrp-6;1;0;1;0;0
WBGene00003408;mrp-2;1;1;1;1;1
WBGene00003252;mig-21;1;0;1;0;0
WBGene00003176;mec-14;1;0;1;0;0
WBGene00003096;lys-7;1;0;1;0;1
WBGene00003091;lys-2;1;0;0;0;0
WBGene00003090;lys-1;1;0;0;0;0
WBGene00003086;lst-4;1;0;0;0;0
WBGene00003079;lsm-5;1;0;1;0;0
WBGene00003055;lon-1;1;0;1;0;0
WBGene00003008;lin-22;1;1;1;0;0
WBGene00002696;let-504;1;0;0;0;0
WBGene00002275;lem-2;1;0;0;0;0
WBGene00002271;lec-8;1;0;1;0;0
WBGene00002269;lec-6;1;0;1;0;0
WBGene00002268;lec-5;1;0;1;0;0
WBGene00002267;lec-4;1;0;1;0;0
WBGene00002254;lbp-2;1;0;1;0;0
WBGene00002206;kin-24;1;1;1;0;0
WBGene00002204;kin-21;1;0;0;0;0
WBGene00002193;kin-5;1;1;1;0;1
WBGene00002186;kel-10;1;1;1;1;1
WBGene00002133;inx-11;1;1;1;1;1
WBGene00002131;inx-9;1;0;1;0;0
WBGene00002120;ins-37;1;1;1;1;1
WBGene00002096;ins-13;1;1;0;1;1
WBGene00002090;ins-7;1;0;1;1;1
WBGene00002036;hum-2;1;0;0;0;0
WBGene00002024;hsp-43;1;1;1;0;0
WBGene00002017;hsp-16.11;1;0;1;1;1
WBGene00002012;hsp-12.3;1;1;1;1;1
WBGene00001966;hlh-27;1;1;0;1;1
WBGene00001963;btb-1;1;1;1;1;1
WBGene00001933;his-59;1;0;0;0;0
WBGene00001916;his-42;1;0;1;1;1
WBGene00001863;him-4;1;0;0;0;0
WBGene00001859;hil-8;1;0;1;0;0
WBGene00001841;hen-1;1;0;0;0;0
WBGene00001839;hdl-1;1;0;1;0;0
WBGene00001787;gst-39;1;0;1;0;0
WBGene00001778;gst-30;1;1;1;1;0
WBGene00001777;gst-29;1;0;0;0;0
WBGene00001772;gst-24;1;1;1;1;1
WBGene00001726;grl-17;1;0;1;0;0
WBGene00001693;grd-4;1;0;1;0;0
WBGene00001692;grd-3;1;0;0;0;0
WBGene00001663;gpa-1;1;1;1;1;1
WBGene00001633;gly-8;1;0;1;0;1
WBGene00001620;glt-1;1;0;0;0;0
WBGene00001618;glr-7;1;1;1;1;0
WBGene00001613;glr-2;1;1;1;1;1
WBGene00001605;gln-4;1;1;1;1;1
WBGene00001603;gln-2;1;1;1;0;1
WBGene00001583;gfi-3;1;1;1;1;0
WBGene00001577;gem-4;1;1;1;0;0
WBGene00001560;gei-3;1;0;0;0;0
WBGene00001554;gcy-34;1;1;1;1;1
WBGene00001549;gcy-25;1;1;1;0;0
WBGene00001548;gcy-23;1;0;1;0;0
WBGene00001541;gcy-15;1;0;1;0;0
WBGene00001487;frk-1;1;1;1;1;0
WBGene00001483;fog-3;1;1;1;1;1
WBGene00001481;fog-1;1;0;1;1;0
WBGene00001414;fer-1;1;1;1;1;1
WBGene00001399;fat-7;1;0;0;0;0
WBGene00001398;fat-6;1;0;1;0;0
WBGene00001397;fat-5;1;1;1;1;1
WBGene00001394;fat-2;1;0;1;0;0
WBGene00001393;fat-1;1;0;0;0;0
WBGene00001390;far-6;1;1;1;1;1
WBGene00001387;far-3;1;0;1;0;1
WBGene00001386;far-2;1;0;1;0;0
WBGene00001320;ent-1;1;0;0;0;0
WBGene00001246;elo-8;1;1;0;0;0
WBGene00001190;egl-23;1;0;1;0;0
WBGene00001175;egl-6;1;0;0;0;0
WBGene00001170;egl-1;1;0;0;0;1
WBGene00001150;ech-1.1;1;0;1;0;0
WBGene00001055;dpf-2;1;0;1;0;0
WBGene00000991;dhs-28;1;0;0;0;0
WBGene00000989;dhs-26;1;0;1;0;0
WBGene00000983;dhs-20;1;0;1;0;0
WBGene00000982;dhs-19;1;0;1;0;0
WBGene00000977;dhs-14;1;0;1;0;0
WBGene00000973;dhs-9;1;0;1;0;0
WBGene00000972;dhs-8;1;1;1;0;0
WBGene00000967;dhs-3;1;0;0;0;0
WBGene00000966;dhs-2;1;0;1;0;0
WBGene00000906;daf-10;1;1;1;1;1
WBGene00000878;cyn-2;1;1;1;1;0
WBGene00000872;cyk-1;1;0;0;0;0
WBGene00000841;cul-6;1;1;1;1;1
WBGene00000831;ctl-2;1;0;1;0;0
WBGene00000803;csb-1;1;0;0;0;0
WBGene00000786;cpr-6;1;0;0;0;0
WBGene00000784;cpr-4;1;0;0;0;0
WBGene00000779;cpn-3;1;0;1;0;0
WBGene00000776;cpl-1;1;0;1;0;0
WBGene00000775;cpin-1;1;0;1;0;1
WBGene00000771;cpb-2;1;1;1;1;1
WBGene00000770;cpb-1;1;0;0;0;0
WBGene00000756;col-183;1;1;1;1;0
WBGene00000754;col-181;1;0;1;0;0
WBGene00000751;col-178;1;0;1;0;0
WBGene00000715;col-142;1;1;1;0;1
WBGene00000713;col-140;1;0;1;0;0
WBGene00000712;col-139;1;1;1;1;1
WBGene00000703;col-129;1;0;1;0;0
WBGene00000693;col-119;1;0;1;0;0
WBGene00000671;col-96;1;1;1;0;0
WBGene00000657;col-81;1;0;1;0;0
WBGene00000647;col-71;1;1;0;0;0
WBGene00000639;col-63;1;0;1;1;1
WBGene00000636;col-60;1;0;0;0;0
WBGene00000615;col-38;1;0;0;1;1
WBGene00000609;col-20;1;0;1;0;0
WBGene00000597;col-8;1;0;0;0;0
WBGene00000565;cnt-1;1;0;1;0;0
WBGene00000562;cng-1;1;1;1;1;1
WBGene00000546;clp-6;1;0;1;1;0
WBGene00000535;cpi-1;1;1;1;1;1
WBGene00000534;cpi-2;1;0;1;0;0
WBGene00000527;cle-1;1;0;1;0;0
WBGene00000518;ckk-1;1;0;1;0;0
WBGene00000492;che-13;1;1;1;1;1
WBGene00000480;cgp-1;1;0;0;0;0
WBGene00000421;ced-7;1;0;0;0;0
WBGene00000370;ccg-1;1;0;1;0;0
WBGene00000296;cat-2;1;1;1;1;1
WBGene00000273;brp-1;1;0;1;0;0
WBGene00000256;bli-6;1;0;1;0;1
WBGene00000235;baf-1;1;0;0;0;0
WBGene00000217;asp-4;1;0;1;0;0
WBGene00000133;amt-1;1;1;1;0;0
WBGene00000123;ama-1;1;0;0;0;0
WBGene00000055;acr-16;1;1;1;1;1
WBGene00000023;abt-5;1;1;1;1;0
WBGene00000019;abt-1;1;1;1;1;1
WBGene00000013;abf-2;1;1;1;1;1
WBGene00255730;F48G7.15;0;1;0;0;0
WBGene00255598;BE0003N10.6;0;1;0;0;0
WBGene00235307;B0507.17;0;1;1;0;0
WBGene00235271;C49C8.8;0;1;1;1;0
WBGene00235201;T27C5.19;0;1;1;1;0
WBGene00219964;F52G3.6;0;1;0;0;0
WBGene00219922;F28C10.5;0;1;1;0;0
WBGene00219887;F09E10.16;0;1;0;0;0
WBGene00219886;F09E10.15;0;1;1;1;0
WBGene00219709;linc-37;0;1;0;0;0
WBGene00219383;Y61B8A.6;0;1;0;0;0
WBGene00219309;F26F2.13;0;1;0;1;1
WBGene00206536;C14A6.16;0;1;0;0;0
WBGene00206393;W04G5.16;0;1;1;1;0
WBGene00202501;Y57E12B.10;0;1;0;0;0
WBGene00202499;B0507.15;0;1;1;1;1
WBGene00202498;Y60C6A.2;0;1;0;1;0
WBGene00201602;F42C5.16;0;1;0;0;1
WBGene00198596;F42C5.14;0;1;0;0;0
WBGene00197710;C14F11.14;0;1;0;0;0
WBGene00197625;T27E4.16;0;1;0;0;0
WBGene00197296;C09B7.6;0;1;1;0;0
WBGene00195177;Y43F8B.25;0;1;0;0;0
WBGene00195165;F57G4.11;0;1;1;1;1
WBGene00194993;T27E4.11;0;1;0;0;0
WBGene00194951;Y105C5A.1274;0;1;1;0;0
WBGene00194902;Y39H10B.3;0;1;1;0;0
WBGene00194815;Y43F8B.23;0;1;0;1;0
WBGene00194803;C25F9.16;0;1;0;1;1
WBGene00194731;Y39A1A.27;0;1;0;1;0
WBGene00194667;Y105C5A.1271;0;1;0;0;0
WBGene00173270;21ur-7377;0;1;0;0;1
WBGene00171568;21ur-9650;0;1;1;1;1
WBGene00170574;21ur-8789;0;1;0;0;0
WBGene00166664;21ur-14949;0;1;0;0;1
WBGene00086565;W06G6.17;0;1;0;0;0
WBGene00077764;F59C6.16;0;1;1;0;0
WBGene00077652;ZK228.12;0;1;1;0;0
WBGene00077629;K10G4.13;0;1;1;1;1
WBGene00077546;C01A2.9;0;1;0;0;0
WBGene00050971;F11D11.15;0;1;0;0;0
WBGene00050956;C14A6.13;0;1;0;0;0
WBGene00050940;C25D7.16;0;1;0;0;0
WBGene00050906;F20E11.17;0;1;1;0;1
WBGene00050899;T10C6.15;0;1;1;1;0
WBGene00045501;Y6G8.8;0;1;0;0;0
WBGene00045415;Y43F8B.15;0;1;1;1;1
WBGene00045413;C25F9.13;0;1;0;0;0
WBGene00045411;C25F9.11;0;1;0;0;0
WBGene00045392;F26D11.12;0;1;1;1;0
WBGene00045375;C17D12.8;0;1;0;0;0
WBGene00045329;mir-795;0;1;1;1;1
WBGene00045293;fbxa-175;0;1;1;1;0
WBGene00045272;F59C12.4;0;1;0;1;1
WBGene00045251;F54F7.9;0;1;1;0;1
WBGene00045195;F53F4.17;0;1;1;0;0
WBGene00045188;B0284.5;0;1;1;1;0
WBGene00045115;K02C4.7;0;1;0;0;0
WBGene00045076;W04G5.13;0;1;0;0;0
WBGene00045036;K08E4.7;0;1;0;0;0
WBGene00044923;T27E4.10;0;1;0;0;0
WBGene00044763;ZK688.12;0;1;1;0;0
WBGene00044722;C17H1.12;0;1;0;0;0
WBGene00044711;C17H1.11;0;1;1;0;1
WBGene00044654;fbxa-85;0;1;1;0;0
WBGene00044588;ZK1236.9;0;1;1;1;0
WBGene00044569;C25F6.8;0;1;0;0;0
WBGene00044529;irld-1;0;1;1;1;1
WBGene00044362;F42G2.7;0;1;0;0;0
WBGene00044313;M02D8.7;0;1;1;0;0
WBGene00044278;F09C6.14;0;1;1;0;0
WBGene00044242;C54C8.12;0;1;1;0;0
WBGene00044232;C18D11.7;0;1;0;0;0
WBGene00044215;ZK228.10;0;1;0;0;0
WBGene00044207;Y6G8.5;0;1;0;0;0
WBGene00044183;F09C6.13;0;1;1;0;0
WBGene00044182;F09C6.12;0;1;1;0;0
WBGene00044142;H13N06.7;0;1;1;0;0
WBGene00044138;sssh-1;0;1;1;0;0
WBGene00044085;Y105C5B.30;0;1;0;0;0
WBGene00044014;F15H10.10;0;1;0;0;0
WBGene00044002;srt-74;0;1;1;1;1
WBGene00023484;Y54G2A.37;0;1;0;0;0
WBGene00023423;F43C1.7;0;1;0;1;0
WBGene00023401;;0;1;1;1;1
WBGene00023263;;0;1;1;1;0
WBGene00023239;C18C4.4;0;1;0;0;1
WBGene00023238;C17H12.7;0;1;0;0;1
WBGene00023225;B0281.7;0;1;0;0;0
WBGene00022932;C16D9.10;0;1;1;0;1
WBGene00022732;ZK418.2;0;1;1;0;1
WBGene00022714;irld-64;0;1;1;0;0
WBGene00022710;ZK354.9;0;1;1;1;1
WBGene00022700;ZK353.4;0;1;1;0;0
WBGene00022439;Y110A2AL.2;0;1;1;0;0
WBGene00022419;Y102A11A.9;0;1;0;0;0
WBGene00022345;fbxa-138;0;1;1;0;0
WBGene00022332;fbxa-20;0;1;1;1;1
WBGene00022331;fbxa-19;0;1;1;1;0
WBGene00022236;Y73B6BL.12;0;1;1;0;0
WBGene00022209;Y73B3A.7;0;1;0;0;0
WBGene00022096;Y69A2AR.25;0;1;0;0;0
WBGene00022083;Y69A2AR.12;0;1;0;1;0
WBGene00022013;Y60C6A.1;0;1;1;1;0
WBGene00021945;lem-4;0;1;1;0;0
WBGene00021853;Y54F10AM.11;0;1;1;0;0
WBGene00021819;Y53G8B.3;0;1;0;1;0
WBGene00021650;Y47G6A.26;0;1;0;0;0
WBGene00021639;Y47G6A.13;0;1;0;0;0
WBGene00021291;clec-121;0;1;0;1;0
WBGene00021179;fbxa-86;0;1;1;1;1
WBGene00021168;cyp-33C12;0;1;0;0;0
WBGene00021110;W09C3.2;0;1;0;0;0
WBGene00021013;W03G1.8;0;1;0;0;0
WBGene00020881;T28A11.19;0;1;0;0;0
WBGene00020878;T28A11.16;0;1;0;0;0
WBGene00020870;T28A11.3;0;1;0;0;0
WBGene00020869;T28A11.2;0;1;0;0;0
WBGene00020767;lgc-40;0;1;1;0;0
WBGene00020711;rmd-5;0;1;0;0;1
WBGene00020686;T22D1.8;0;1;0;0;0
WBGene00020657;lgc-53;0;1;1;0;1
WBGene00020637;fbxa-7;0;1;1;1;1
WBGene00020620;T20D4.15;0;1;0;0;0
WBGene00020617;T20D4.11;0;1;0;0;0
WBGene00020616;T20D4.10;0;1;0;1;0
WBGene00020609;T20D4.3;0;1;0;0;0
WBGene00020451;fbxa-11;0;1;1;1;0
WBGene00020386;cyp-34A4;0;1;0;0;0
WBGene00020370;T08H10.3;0;1;0;0;0
WBGene00020364;T08E11.8;0;1;1;1;1
WBGene00020358;math-39;0;1;1;1;0
WBGene00020356;T08B6.9;0;1;1;0;0
WBGene00020265;fbxa-196;0;1;1;0;0
WBGene00020152;nhr-211;0;1;1;0;0
WBGene00019975;flp-34;0;1;0;0;0
WBGene00019863;R04A9.3;0;1;1;0;0
WBGene00019662;K11H12.6;0;1;1;0;0
WBGene00019370;K03H6.5;0;1;1;1;0
WBGene00019340;K02F6.6;0;1;0;0;0
WBGene00019304;K02D10.4;0;1;0;0;0
WBGene00019233;ugt-14;0;1;1;1;1
WBGene00019146;H02F09.3;0;1;1;1;0
WBGene00019136;F59H6.5;0;1;0;0;0
WBGene00019134;F59H6.3;0;1;0;1;0
WBGene00019096;cysl-4;0;1;0;0;0
WBGene00019054;F58F6.6;0;1;1;0;0
WBGene00019024;F58A6.5;0;1;0;0;0
WBGene00018939;fbxa-190;0;1;1;1;0
WBGene00018839;F54H5.2;0;1;0;0;0
WBGene00018761;F53E10.5;0;1;0;0;0
WBGene00018580;F47G6.3;0;1;1;0;0
WBGene00018397;F43E2.11;0;1;1;1;1
WBGene00018385;F43C11.8;0;1;0;1;0
WBGene00018360;irld-8;0;1;0;0;1
WBGene00018347;F42C5.5;0;1;0;0;0
WBGene00018211;oac-24;0;1;0;0;0
WBGene00018209;F39G3.4;0;1;0;1;0
WBGene00018178;F38E1.3;0;1;0;1;0
WBGene00018143;oac-23;0;1;1;1;1
WBGene00018102;math-28;0;1;1;0;0
WBGene00018091;F36D4.6;0;1;0;0;0
WBGene00018020;F33H12.6;0;1;0;0;0
WBGene00017902;F28E10.4;0;1;0;1;0
WBGene00017819;F26D11.2;0;1;1;1;1
WBGene00017785;F25E5.4;0;1;0;0;0
WBGene00017756;F23F12.12;0;1;0;1;0
WBGene00017741;F23C8.13;0;1;1;1;0
WBGene00017711;F22E5.13;0;1;1;0;0
WBGene00017705;F22E5.6;0;1;1;1;0
WBGene00017700;F22D3.4;0;1;1;0;0
WBGene00017654;F21C10.4;0;1;0;0;0
WBGene00017592;F19C7.2;0;1;1;0;0
WBGene00017559;mpz-3;0;1;1;0;0
WBGene00017530;F16H11.1;0;1;1;0;0
WBGene00017505;F16B4.3;0;1;0;0;1
WBGene00017392;basl-2;0;1;0;0;0
WBGene00017335;F10D2.10;0;1;1;1;1
WBGene00017330;sre-10;0;1;0;0;1
WBGene00017233;lmd-4;0;1;0;0;0
WBGene00017221;dgn-3;0;1;1;0;1
WBGene00017122;E04F6.2;0;1;1;1;0
WBGene00016999;D1005.5;0;1;1;1;1
WBGene00016976;C56E10.3;0;1;0;0;0
WBGene00016954;C55C3.4;0;1;0;0;0
WBGene00016920;C54E4.5;0;1;1;0;0
WBGene00016763;C49A9.9;0;1;1;1;1
WBGene00016762;ugt-24;0;1;1;0;0
WBGene00016692;srbc-24;0;1;1;1;0
WBGene00016675;C45G9.4;0;1;0;0;0
WBGene00016527;fbxa-47;0;1;1;1;0
WBGene00016523;C39B5.5;0;1;0;0;0
WBGene00016491;acdh-5;0;1;1;0;0
WBGene00016481;C36C5.12;0;1;0;1;0
WBGene00016477;srab-11;0;1;1;1;0
WBGene00016382;C33H5.16;0;1;0;0;0
WBGene00016312;C32D5.4;0;1;0;0;0
WBGene00016255;C30E1.6;0;1;0;1;1
WBGene00016125;C26B2.2;0;1;0;0;0
WBGene00016050;srt-29;0;1;1;0;0
WBGene00016013;C23G10.6;0;1;1;1;1
WBGene00015990;C18H2.3;0;1;0;0;0
WBGene00015970;C18E3.1;0;1;1;1;0
WBGene00015894;acdh-2;0;1;1;1;1
WBGene00015884;C17B7.10;0;1;0;0;0
WBGene00015834;math-5;0;1;1;1;1
WBGene00015829;math-15;0;1;1;1;0
WBGene00015770;C14E2.1;0;1;1;0;0
WBGene00015603;fbxa-159;0;1;0;0;0
WBGene00015601;fbxa-166;0;1;1;1;0
WBGene00015600;fbxa-165;0;1;1;1;1
WBGene00015597;fbxa-162;0;1;0;0;0
WBGene00015596;fbxa-161;0;1;1;1;0
WBGene00015433;C04E12.2;0;1;0;0;0
WBGene00015320;C02B8.1;0;1;0;0;0
WBGene00015305;C01G5.3;0;1;0;0;0
WBGene00015259;dod-20;0;1;0;1;0
WBGene00015229;fbxa-125;0;1;0;0;0
WBGene00015210;B0496.1;0;1;0;0;0
WBGene00015152;B0348.2;0;1;0;0;0
WBGene00015118;B0294.3;0;1;0;0;0
WBGene00015114;B0281.8;0;1;0;0;1
WBGene00015100;B0280.2;0;1;1;1;1
WBGene00014836;T09F5.12;0;1;1;0;0
WBGene00014760;F46A8.2;0;1;0;1;1
WBGene00014759;F46A8.1;0;1;0;0;0
WBGene00014746;F27D4.3;0;1;0;1;0
WBGene00014371;F40G12.14;0;1;1;1;1
WBGene00014103;best-26;0;1;0;1;1
WBGene00013973;asp-18;0;1;0;0;0
WBGene00013877;ZC376.6;0;1;0;0;0
WBGene00013843;fbxa-49;0;1;1;1;0
WBGene00013842;fbxa-34;0;1;1;1;0
WBGene00013811;Y116A8C.38;0;1;0;0;0
WBGene00013634;Y105C5A.9;0;1;1;0;0
WBGene00013564;Y75B8A.34;0;1;0;0;0
WBGene00013560;zip-12;0;1;1;0;0
WBGene00013520;best-21;0;1;1;1;0
WBGene00013517;lgc-52;0;1;1;0;0
WBGene00013498;Y70G10A.2;0;1;1;0;1
WBGene00013369;Y60A9.2;0;1;1;0;0
WBGene00013357;clec-260;0;1;1;1;1
WBGene00013329;Y57G11C.40;0;1;1;0;0
WBGene00013294;Y57G11B.1;0;1;1;1;1
WBGene00013200;Y54E5A.5;0;1;1;0;0
WBGene00013194;Y54E2A.9;0;1;0;0;0
WBGene00013186;Y53H1C.3;0;1;1;1;0
WBGene00013179;clec-100;0;1;1;1;1
WBGene00013138;Y53C10A.10;0;1;0;1;0
WBGene00013053;Y50E8A.10;0;1;0;1;0
WBGene00012977;Y48A6C.4;0;1;1;0;0
WBGene00012925;wht-8;0;1;1;1;0
WBGene00012886;Y45F10D.6;0;1;0;0;0
WBGene00012855;Y44A6D.5;0;1;1;0;0
WBGene00012820;Y43F8B.10;0;1;0;0;0
WBGene00012741;Y40H4A.2;0;1;0;0;0
WBGene00012720;Y39E4B.11;0;1;0;0;0
WBGene00012571;Y37H2A.11;0;1;0;0;0
WBGene00012494;nhr-232;0;1;0;0;0
WBGene00012426;Y11D7A.1;0;1;0;0;0
WBGene00012409;Y7A5A.3;0;1;0;0;0
WBGene00012400;Y6E2A.7;0;1;1;1;0
WBGene00012310;mltn-11;0;1;1;1;1
WBGene00012080;clec-244;0;1;0;0;0
WBGene00012058;T26F2.2;0;1;1;0;0
WBGene00012010;T25B9.4;0;1;0;0;0
WBGene00011909;T22A3.6;0;1;1;1;1
WBGene00011737;sqst-1;0;1;1;0;0
WBGene00011623;T08G5.2;0;1;0;0;1
WBGene00011554;T07A5.1;0;1;1;0;1
WBGene00011467;decr-1.3;0;1;0;0;0
WBGene00011462;vap-2;0;1;0;0;0
WBGene00011322;irld-14;0;1;0;1;1
WBGene00011191;R10D12.10;0;1;0;1;0
WBGene00011130;zip-6;0;1;0;1;0
WBGene00011101;R07D5.2;0;1;1;0;0
WBGene00010825;M01G12.14;0;1;0;1;1
WBGene00010821;M01G12.7;0;1;1;1;1
WBGene00010754;K10G4.5;0;1;1;1;0
WBGene00010753;K10G4.4;0;1;0;0;0
WBGene00010708;phf-33;0;1;0;0;0
WBGene00010682;K08F8.5;0;1;0;0;0
WBGene00010584;K05C4.8;0;1;0;0;0
WBGene00010528;K03D3.2;0;1;0;1;0
WBGene00010508;K02E2.7;0;1;0;0;0
WBGene00010415;irld-39;0;1;1;1;1
WBGene00010359;mam-6;0;1;1;0;0
WBGene00010216;F57G8.7;0;1;0;1;0
WBGene00010206;F57G4.1;0;1;0;0;0
WBGene00010105;fbxb-62;0;1;1;0;0
WBGene00010071;sre-45;0;1;1;1;1
WBGene00010004;F53H2.1;0;1;1;1;0
WBGene00009933;F52E10.2;0;1;1;1;1
WBGene00009865;F49B2.6;0;1;1;1;1
WBGene00009839;fbxa-188;0;1;1;0;0
WBGene00009828;F47G4.8;0;1;0;0;1
WBGene00009709;fbxa-144;0;1;1;0;0
WBGene00009683;F44D12.6;0;1;0;0;0
WBGene00009657;F43G6.4;0;1;0;0;0
WBGene00009604;F40G12.9;0;1;0;0;1
WBGene00009601;F40G12.6;0;1;1;0;1
WBGene00009600;F40G12.5;0;1;1;1;1
WBGene00009513;sfxn-1.2;0;1;0;1;0
WBGene00009486;F36G9.7;0;1;0;0;0
WBGene00009401;F35C11.2;0;1;0;0;0
WBGene00009170;F26F2.5;0;1;1;1;1
WBGene00009169;F26F2.4;0;1;1;1;1
WBGene00009166;F26F2.1;0;1;1;1;1
WBGene00009160;F26E4.5;0;1;1;0;0
WBGene00009114;F25D7.5;0;1;1;0;0
WBGene00009102;F25B3.5;0;1;0;0;0
WBGene00009026;F21G4.5;0;1;1;0;0
WBGene00009021;F21D9.8;0;1;0;0;0
WBGene00009018;F21D9.4;0;1;1;1;1
WBGene00008900;F16H6.10;0;1;1;0;0
WBGene00008899;F16H6.9;0;1;1;1;0
WBGene00008847;fbxb-102;0;1;0;0;0
WBGene00008843;arrd-9;0;1;1;1;0
WBGene00008835;F14H8.5;0;1;0;1;1
WBGene00008834;F14H8.4;0;1;0;1;1
WBGene00008725;F13A7.7;0;1;0;0;0
WBGene00008700;clec-254;0;1;1;0;0
WBGene00008679;F11A5.13;0;1;0;0;0
WBGene00008631;F10A3.1;0;1;1;1;1
WBGene00008615;F09C6.1;0;1;0;0;0
WBGene00008529;F02E9.3;0;1;0;0;0
WBGene00008448;E01G4.6;0;1;0;0;0
WBGene00008390;D1086.3;0;1;1;1;0
WBGene00008291;C54C8.3;0;1;1;0;0
WBGene00008269;C53A5.11;0;1;1;1;1
WBGene00008186;best-11;0;1;0;0;0
WBGene00008092;gmeb-3;0;1;0;0;0
WBGene00008067;C43D7.4;0;1;1;1;1
WBGene00008015;fbxa-174;0;1;1;1;0
WBGene00008009;fbxa-171;0;1;0;0;0
WBGene00008001;C38C10.3;0;1;0;0;0
WBGene00007998;C38C6.5;0;1;0;0;0
WBGene00007992;fipr-24;0;1;0;0;0
WBGene00007856;C31H5.5;0;1;1;0;0
WBGene00007844;irld-24;0;1;1;0;1
WBGene00007816;C30F2.2;0;1;1;0;0
WBGene00007763;C27B7.6;0;1;0;1;0
WBGene00007735;C25G4.8;0;1;0;0;0
WBGene00007723;C25F9.2;0;1;0;0;0
WBGene00007694;C23H4.6;0;1;1;0;0
WBGene00007677;C18D4.8;0;1;1;0;0
WBGene00007662;C17H1.9;0;1;1;0;0
WBGene00007661;C17H1.8;0;1;1;1;1
WBGene00007659;C17H1.6;0;1;1;1;1
WBGene00007656;C17H1.3;0;1;1;1;1
WBGene00007655;C17H1.2;0;1;1;0;0
WBGene00007654;C17H1.1;0;1;1;1;1
WBGene00007507;C10C5.3;0;1;0;0;0
WBGene00007506;C10C5.2;0;1;1;1;0
WBGene00007469;chil-4;0;1;0;0;0
WBGene00007465;chil-1;0;1;1;0;0
WBGene00007454;C08F11.7;0;1;0;1;0
WBGene00007415;C07E3.4;0;1;1;0;0
WBGene00007414;C07E3.3;0;1;1;0;0
WBGene00007399;clec-162;0;1;1;0;1
WBGene00007393;fbxa-157;0;1;0;0;0
WBGene00007347;C05G5.1;0;1;1;1;0
WBGene00007220;C01B9.1;0;1;1;1;1
WBGene00007218;C01A2.6;0;1;0;0;0
WBGene00006981;zig-4;0;1;0;0;0
WBGene00006690;twk-39;0;1;1;0;0
WBGene00006661;twk-6;0;1;0;0;0
WBGene00006287;str-261;0;1;0;0;1
WBGene00006218;str-174;0;1;0;0;1
WBGene00006198;str-151;0;1;1;0;0
WBGene00006163;str-112;0;1;1;1;1
WBGene00006153;str-96;0;1;1;1;0
WBGene00006048;ssp-31;0;1;0;0;0
WBGene00005863;srw-116;0;1;0;0;0
WBGene00005862;srw-115;0;1;0;0;0
WBGene00005819;srw-72;0;1;0;0;0
WBGene00005783;srw-36;0;1;1;1;1
WBGene00005649;srp-8;0;1;1;0;0
WBGene00005588;sri-76;0;1;0;0;0
WBGene00005586;sri-74;0;1;0;1;0
WBGene00005582;sri-70;0;1;1;1;1
WBGene00005555;sri-43;0;1;0;0;0
WBGene00005550;sri-38;0;1;1;1;0
WBGene00005548;sri-36;0;1;0;1;0
WBGene00005400;srh-185;0;1;1;0;1
WBGene00005355;srh-138;0;1;1;1;1
WBGene00005261;srh-38;0;1;1;0;0
WBGene00005221;srg-64;0;1;1;0;1
WBGene00005219;srg-62;0;1;1;0;0
WBGene00005191;srg-34;0;1;0;0;0
WBGene00005188;srg-31;0;1;1;1;0
WBGene00005120;srd-42;0;1;0;0;0
WBGene00005013;jmjd-1.1;0;1;0;0;0
WBGene00004962;spe-8;0;1;0;1;1
WBGene00004854;slt-1;0;1;1;1;0
WBGene00004848;sls-2.16;0;1;0;0;0
WBGene00004847;sls-2.15;0;1;0;1;0
WBGene00004844;sls-2.12;0;1;1;1;1
WBGene00004834;sls-2.2;0;1;0;0;1
WBGene00004811;skr-5;0;1;1;0;0
WBGene00004287;rac-2;0;1;1;0;1
WBGene00004149;trpl-5;0;1;1;1;1
WBGene00004052;parg-2;0;1;0;1;0
WBGene00003574;ncx-9;0;1;0;0;0
WBGene00003092;lys-3;0;1;1;1;0
WBGene00002194;kin-6;0;1;1;0;1
WBGene00002026;hsp-70;0;1;1;1;1
WBGene00001944;his-70;0;1;0;0;0
WBGene00001806;gur-5;0;1;1;0;0
WBGene00001556;gcy-36;0;1;1;0;0
WBGene00000864;cya-2;0;1;0;0;0
WBGene00000728;col-155;0;1;1;0;1
WBGene00000709;col-136;0;1;1;1;1
WBGene00000694;col-120;0;1;1;1;0
WBGene00000627;col-50;0;1;1;0;0
WBGene00000251;bli-1;0;1;0;0;1
WBGene00220168;Y48A6C.10;0;0;1;0;0
WBGene00220076;T21B4.21;0;0;1;0;0
WBGene00219666;linc-31;0;0;1;0;0
WBGene00219447;C06H5.14;0;0;1;0;0
WBGene00219298;F55H2.8;0;0;1;0;0
WBGene00219297;T23F11.11;0;0;1;0;0
WBGene00219267;mir-5548;0;0;1;1;0
WBGene00206521;T02G5.15;0;0;1;0;0
WBGene00206357;C09D4.9;0;0;1;0;0
WBGene00202514;T09F5.20;0;0;1;0;0
WBGene00202513;ZK938.10;0;0;1;0;0
WBGene00199471;C17G10.11;0;0;1;0;1
WBGene00194985;Y25C1A.14;0;0;1;0;0
WBGene00194735;Y82E9BL.19;0;0;1;0;0
WBGene00194716;ZK637.18;0;0;1;0;0
WBGene00194674;F23D12.11;0;0;1;0;0
WBGene00194643;C48D1.9;0;0;1;0;0
WBGene00194641;F47G3.4;0;0;1;0;0
WBGene00189961;Y54G2A.57;0;0;1;0;0
WBGene00164986;Y48A6C.6;0;0;1;0;0
WBGene00164968;K08H2.10;0;0;1;0;0
WBGene00045273;C08A9.11;0;0;1;0;0
WBGene00045063;Y37A1A.4;0;0;1;0;0
WBGene00044967;smy-9;0;0;1;1;0
WBGene00044921;F53C11.9;0;0;1;0;0
WBGene00044757;Y55F3BR.11;0;0;1;0;0
WBGene00044388;C27D6.11;0;0;1;0;0
WBGene00044292;F56D6.8;0;0;1;1;0
WBGene00044284;spp-21;0;0;1;0;0
WBGene00044256;Y45F10C.6;0;0;1;0;0
WBGene00044201;H39E23.3;0;0;1;0;0
WBGene00044150;VB0395L.1;0;0;1;0;0
WBGene00044034;Y38E10A.28;0;0;1;0;0
WBGene00043996;fbxb-87;0;0;1;0;0
WBGene00023500;C11H1.9;0;0;1;0;0
WBGene00022835;ZK973.9;0;0;1;0;0
WBGene00022831;cec-10;0;0;1;0;0
WBGene00022628;ZC513.3;0;0;1;0;0
WBGene00022549;ZC196.5;0;0;1;0;0
WBGene00022485;fbxa-63;0;0;1;0;0
WBGene00022401;Y97E10AR.6;0;0;1;0;0
WBGene00022382;Y94H6A.10;0;0;1;0;0
WBGene00022330;fbxa-80;0;0;1;0;0
WBGene00022288;Y75B7B.1;0;0;1;0;0
WBGene00022277;homt-1;0;0;1;0;0
WBGene00022245;acp-6;0;0;1;0;0
WBGene00021960;Y57E12AM.1;0;0;1;0;0
WBGene00021931;Y55F3AM.14;0;0;1;0;0
WBGene00021871;dml-1;0;0;1;0;0
WBGene00021821;Y54B9A.1;0;0;1;0;0
WBGene00021786;Y51H7C.8;0;0;1;0;0
WBGene00021744;clec-203;0;0;1;0;0
WBGene00021637;Y47G6A.7;0;0;1;0;0
WBGene00021509;Y41D4A.7;0;0;1;0;0
WBGene00021491;comt-4;0;0;1;0;0
WBGene00021477;srbc-64;0;0;1;0;0
WBGene00021370;nape-2;0;0;1;0;0
WBGene00021337;Y34F4.2;0;0;1;0;0
WBGene00021183;Y9C9A.16;0;0;1;1;1
WBGene00021169;srt-40;0;0;1;0;0
WBGene00021103;eri-3;0;0;1;0;0
WBGene00021066;W06H8.2;0;0;1;0;0
WBGene00020992;W03F8.2;0;0;1;0;0
WBGene00020834;T27A1.2;0;0;1;0;0
WBGene00020638;fbxa-43;0;0;1;1;0
WBGene00020618;T20D4.12;0;0;1;1;0
WBGene00020598;T20B6.2;0;0;1;0;0
WBGene00020594;ugt-10;0;0;1;0;0
WBGene00020449;fbxa-54;0;0;1;0;0
WBGene00020341;T08B1.4;0;0;1;0;0
WBGene00020315;T07E3.4;0;0;1;0;0
WBGene00020262;ferl-1;0;0;1;0;0
WBGene00020235;T05A12.4;0;0;1;0;0
WBGene00020136;T01B6.4;0;0;1;0;0
WBGene00019967;cyp-33C8;0;0;1;0;0
WBGene00019774;M04G7.3;0;0;1;0;0
WBGene00019736;M02F4.2;0;0;1;0;0
WBGene00019613;K10B4.1;0;0;1;0;0
WBGene00019548;K09C4.2;0;0;1;0;0
WBGene00019483;K07D4.2;0;0;1;0;0
WBGene00019455;K06H7.1;0;0;1;0;0
WBGene00019376;lipl-4;0;0;1;0;0
WBGene00019178;scl-12;0;0;1;0;0
WBGene00019106;irld-38;0;0;1;0;0
WBGene00019100;F59B1.8;0;0;1;0;0
WBGene00019058;F58F9.4;0;0;1;0;0
WBGene00018984;F56F10.1;0;0;1;0;0
WBGene00018826;srt-34;0;0;1;0;0
WBGene00018725;kreg-1;0;0;1;0;0
WBGene00018601;F48C1.9;0;0;1;1;1
WBGene00018539;nhr-185;0;0;1;0;0
WBGene00018522;F46H5.7;0;0;1;0;0
WBGene00018354;F42G2.5;0;0;1;0;0
WBGene00018346;F42C5.4;0;0;1;0;0
WBGene00018179;F38E1.6;0;0;1;0;0
WBGene00018022;ceh-87;0;0;1;0;0
WBGene00017969;F32A5.3;0;0;1;0;0
WBGene00017965;F31F7.2;0;0;1;0;0
WBGene00017824;clec-217;0;0;1;0;0
WBGene00017748;F23F1.7;0;0;1;0;0
WBGene00017747;F23F1.6;0;0;1;0;0
WBGene00017621;F20A1.10;0;0;1;0;0
WBGene00017590;F19B10.11;0;0;1;0;1
WBGene00017529;F16G10.15;0;0;1;0;0
WBGene00017485;F15E6.4;0;0;1;0;1
WBGene00017471;F14H12.3;0;0;1;0;0
WBGene00017393;nep-5;0;0;1;0;0
WBGene00017390;F12A10.1;0;0;1;0;1
WBGene00017072;D2096.5;0;0;1;0;0
WBGene00016988;CD4.1;0;0;1;0;0
WBGene00016902;C53D5.1;0;0;1;0;0
WBGene00016896;nep-4;0;0;1;0;0
WBGene00016789;djr-1.2;0;0;1;0;0
WBGene00016766;C49C8.2;0;0;1;0;0
WBGene00016761;tkr-2;0;0;1;0;0
WBGene00016753;oac-9;0;0;1;1;0
WBGene00016666;C45E5.3;0;0;1;0;0
WBGene00016555;math-20;0;0;1;0;0
WBGene00016419;tyr-4;0;0;1;0;0
WBGene00016418;hpo-27;0;0;1;0;0
WBGene00016301;fbxc-6;0;0;1;1;0
WBGene00016299;C32B5.6;0;0;1;0;0
WBGene00016190;C28G1.5;0;0;1;0;0
WBGene00016187;C28G1.2;0;0;1;0;0
WBGene00015898;sre-9;0;0;1;0;0
WBGene00015889;C17C3.3;0;0;1;0;0
WBGene00015801;C15H9.5;0;0;1;0;0
WBGene00015694;ugt-27;0;0;1;1;1
WBGene00015692;ugt-25;0;0;1;1;1
WBGene00015636;C09D4.6;0;0;1;0;0
WBGene00015550;C06G3.4;0;0;1;0;0
WBGene00015540;sams-4;0;0;1;0;0
WBGene00015488;C05D11.13;0;0;1;0;0
WBGene00015449;ugt-63;0;0;1;0;0
WBGene00015338;catp-2;0;0;1;0;0
WBGene00015196;B0454.5;0;0;1;0;0
WBGene00015043;cyp-34A8;0;0;1;0;0
WBGene00015028;B0207.5;0;0;1;0;0
WBGene00014732;F09F3.8;0;0;1;0;0
WBGene00014214;ZK1073.2;0;0;1;0;0
WBGene00014162;chil-9;0;0;1;0;0
WBGene00014150;ZK909.6;0;0;1;0;0
WBGene00013972;scl-20;0;0;1;1;0
WBGene00013882;ZC410.5;0;0;1;0;0
WBGene00013758;fbxa-114;0;0;1;0;0
WBGene00013711;Y106G6G.2;0;0;1;0;0
WBGene00013652;sams-2;0;0;1;0;0
WBGene00013574;lron-13;0;0;1;0;0
WBGene00013563;Y75B8A.33;0;0;1;0;1
WBGene00013484;Y69H2.9;0;0;1;0;0
WBGene00013359;Y60A3A.8;0;0;1;0;0
WBGene00013215;Y54G11A.4;0;0;1;0;0
WBGene00013155;Y53F4B.8;0;0;1;0;0
WBGene00013090;Y51B9A.8;0;0;1;0;0
WBGene00013044;Y49E10.25;0;0;1;0;0
WBGene00012812;Y43F8B.1;0;0;1;0;0
WBGene00012500;hpo-2;0;0;1;0;0
WBGene00012398;Y6E2A.4;0;0;1;0;0
WBGene00012216;W02D9.10;0;0;1;0;0
WBGene00012202;W02B12.4;0;0;1;0;0
WBGene00012088;T27E7.3;0;0;1;0;0
WBGene00011935;scrm-1;0;0;1;0;0
WBGene00011896;T21C9.11;0;0;1;0;0
WBGene00011873;T20G5.12;0;0;1;1;0
WBGene00011832;bgal-1;0;0;1;0;0
WBGene00011808;T16G12.7;0;0;1;0;0
WBGene00011676;cyp-13A2;0;0;1;0;0
WBGene00011460;ttr-14;0;0;1;0;0
WBGene00011362;T02B5.1;0;0;1;0;0
WBGene00011292;R102.5;0;0;1;0;0
WBGene00011274;R53.5;0;0;1;0;0
WBGene00011200;R10E4.3;0;0;1;1;1
WBGene00011160;R09D1.4;0;0;1;0;0
WBGene00011012;R04D3.4;0;0;1;0;0
WBGene00010986;sprr-1;0;0;1;0;0
WBGene00010706;cyp-14A2;0;0;1;0;0
WBGene00010692;K08H2.5;0;0;1;0;0
WBGene00010491;K02B7.3;0;0;1;0;0
WBGene00010470;cdr-4;0;0;1;0;0
WBGene00010449;K01A11.1;0;0;1;0;0
WBGene00010413;H25K10.4;0;0;1;0;0
WBGene00010338;F59F4.3;0;0;1;0;0
WBGene00010293;fbxa-108;0;0;1;0;0
WBGene00010250;F58D12.3;0;0;1;0;0
WBGene00010215;nhr-193;0;0;1;0;0
WBGene00010147;F56D5.2;0;0;1;0;0
WBGene00010118;F55F3.4;0;0;1;0;0
WBGene00009972;oac-33;0;0;1;0;0
WBGene00009963;fipr-26;0;0;1;0;0
WBGene00009940;strl-1;0;0;1;0;0
WBGene00009833;F47G9.6;0;0;1;0;0
WBGene00009786;F46F2.1;0;0;1;0;0
WBGene00009751;F46A8.8;0;0;1;0;1
WBGene00009695;F44F1.3;0;0;1;0;0
WBGene00009637;nspc-13;0;0;1;0;0
WBGene00009634;nspc-9;0;0;1;0;0
WBGene00009631;F42E8.2;0;0;1;0;0
WBGene00009617;F41E7.1;0;0;1;0;0
WBGene00009571;F40D4.12;0;0;1;0;0
WBGene00009554;F39B2.3;0;0;1;0;0
WBGene00009293;F31D4.8;0;0;1;0;0
WBGene00009234;F28H6.6;0;0;1;0;0
WBGene00009030;clec-233;0;0;1;0;0
WBGene00008884;nhr-281;0;0;1;0;0
WBGene00008743;F13D12.9;0;0;1;0;0
WBGene00008714;F11F1.1;0;0;1;0;0
WBGene00008629;cpt-5;0;0;1;0;0
WBGene00008617;F09C6.3;0;0;1;0;0
WBGene00008522;F02D8.5;0;0;1;0;0
WBGene00008515;F02C12.1;0;0;1;0;0
WBGene00008396;D1086.9;0;0;1;1;1
WBGene00008389;D1086.2;0;0;1;0;0
WBGene00008355;fbxa-141;0;0;1;0;0
WBGene00008352;fbxa-6;0;0;1;0;0
WBGene00008273;C53B4.3;0;0;1;0;0
WBGene00008270;C53A5.13;0;0;1;0;0
WBGene00008040;ttr-5;0;0;1;0;0
WBGene00008032;C39E9.8;0;0;1;0;0
WBGene00007807;C29F3.7;0;0;1;0;0
WBGene00007632;C16C10.13;0;0;1;1;0
WBGene00007473;chil-8;0;0;1;0;0
WBGene00007471;chil-6;0;0;1;0;0
WBGene00007340;C05D12.2;0;0;1;0;0
WBGene00007214;C01A2.2;0;0;1;0;0
WBGene00007175;B0395.3;0;0;1;0;0
WBGene00007154;dhc-3;0;0;1;0;0
WBGene00007056;crn-7;0;0;1;0;0
WBGene00006987;zmp-1;0;0;1;1;0
WBGene00006624;try-6;0;0;1;0;0
WBGene00006557;tbx-38;0;0;1;0;0
WBGene00006212;str-168;0;0;1;0;0
WBGene00006209;str-164;0;0;1;0;0
WBGene00006164;str-113;0;0;1;0;0
WBGene00006084;str-16;0;0;1;1;0
WBGene00005802;srw-55;0;0;1;0;0
WBGene00005728;srv-17;0;0;1;0;0
WBGene00005647;srp-6;0;0;1;0;0
WBGene00005634;srj-55;0;0;1;0;0
WBGene00005519;sri-7;0;0;1;0;0
WBGene00005430;srh-220;0;0;1;0;0
WBGene00005427;srh-217;0;0;1;0;0
WBGene00005098;srd-20;0;0;1;0;0
WBGene00005005;spp-20;0;0;1;1;0
WBGene00005002;spp-17;0;0;1;0;0
WBGene00004966;spe-12;0;0;1;0;0
WBGene00004964;spe-10;0;0;1;0;0
WBGene00004845;sls-2.13;0;0;1;1;1
WBGene00004818;skr-12;0;0;1;0;0
WBGene00004296;rad-50;0;0;1;0;0
WBGene00004211;ptd-2;0;0;1;0;0
WBGene00004191;prx-1;0;0;1;0;0
WBGene00004169;pqn-89;0;0;1;0;0
WBGene00003991;pfn-3;0;0;1;0;0
WBGene00003926;pas-5;0;0;1;0;0
WBGene00003863;old-2;0;0;1;0;0
WBGene00003742;nlp-4;0;0;1;0;0
WBGene00003734;nhx-6;0;0;1;0;0
WBGene00003530;nas-11;0;0;1;0;0
WBGene00003386;mod-1;0;0;1;0;0
WBGene00002263;lea-1;0;0;1;0;0
WBGene00002063;ife-5;0;0;1;0;0
WBGene00002040;hum-7;0;0;1;0;0
WBGene00002018;hsp-16.41;0;0;1;1;0
WBGene00002016;hsp-16.2;0;0;1;1;0
WBGene00001755;gst-7;0;0;1;0;0
WBGene00001753;gst-5;0;0;1;0;0
WBGene00001553;gcy-33;0;0;1;0;0
WBGene00001535;gcy-8;0;0;1;0;0
WBGene00001480;fmo-5;0;0;1;0;0
WBGene00001433;fkb-8;0;0;1;0;0
WBGene00001392;far-8;0;0;1;0;0
WBGene00000994;dic-1;0;0;1;0;0
WBGene00000710;col-137;0;0;1;0;0
WBGene00000690;col-116;0;0;1;0;0
WBGene00000682;col-108;0;0;1;0;0
WBGene00000658;col-83;0;0;1;0;0
WBGene00000613;col-36;0;0;1;0;0
WBGene00000608;col-19;0;0;1;0;0
WBGene00000487;che-6;0;0;1;0;0
WBGene00000391;cdd-1;0;0;1;0;0
WBGene00000190;arf-1.1;0;0;1;0;0
WBGene00000105;alg-1;0;0;1;0;0
WBGene00235254;F49D11.14;0;0;0;1;1
WBGene00235106;F08H9.15;0;0;0;1;0
WBGene00220011;K08B5.8;0;0;0;1;1
WBGene00219750;Y38C1AA.19;0;0;0;1;0
WBGene00219675;linc-44;0;0;0;1;0
WBGene00194708;Y36E3A.2;0;0;0;1;0
WBGene00023162;W09G10.t3;0;0;0;1;0
WBGene00022385;Y95B8A.4;0;0;0;1;0
WBGene00020984;W03D8.1;0;0;0;1;1
WBGene00020377;T09B4.3;0;0;0;1;0
WBGene00019667;K12B6.2;0;0;0;1;0
WBGene00018980;F56F4.3;0;0;0;1;0
WBGene00017494;irld-31;0;0;0;1;0
WBGene00016516;C38C3.8;0;0;0;1;0
WBGene00016262;C30F12.3;0;0;0;1;0
WBGene00016239;C30A5.4;0;0;0;1;0
WBGene00015982;C18G1.3;0;0;0;1;1
WBGene00014979;ZC47.11;0;0;0;1;0
WBGene00014809;M142.3;0;0;0;1;0
WBGene00013527;Y73F8A.22;0;0;0;1;1
WBGene00013055;Y50E8A.12;0;0;0;1;0
WBGene00013052;scrm-7;0;0;0;1;0
WBGene00011425;T04B2.7;0;0;0;1;0
WBGene00010915;M110.7;0;0;0;1;0
WBGene00010501;K02C4.2;0;0;0;1;0
WBGene00009749;F46A8.6;0;0;0;1;0
WBGene00009039;F22B3.8;0;0;0;1;0
WBGene00008475;oac-13;0;0;0;1;0
WBGene00008361;D1043.1;0;0;0;1;0
WBGene00007269;C03C10.2;0;0;0;1;1
WBGene00006237;str-204;0;0;0;1;1
WBGene00005551;sri-39;0;0;0;1;0
WBGene00004394;rol-1;0;0;0;1;0
WBGene00000707;col-133;0;0;0;1;1
WBGene00000544;clp-3;0;0;0;1;0
WBGene00220172;Y49E10.36;0;0;0;0;1
WBGene00219810;mir-8196.2;0;0;0;0;1
WBGene00219743;linc-103;0;0;0;0;1
WBGene00198341;F42C5.13;0;0;0;0;1
WBGene00196025;C52E4.13;0;0;0;0;1
WBGene00195889;T01B6.5;0;0;0;0;1
WBGene00077574;T08G5.16;0;0;0;0;1
WBGene00077573;T08G5.15;0;0;0;0;1
WBGene00077572;T08G5.14;0;0;0;0;1
WBGene00045144;Y64G10A.10;0;0;0;0;1
WBGene00044505;D2024.10;0;0;0;0;1
WBGene00044126;srsx-23;0;0;0;0;1
WBGene00022671;ZK177.3;0;0;0;0;1
WBGene00021641;Y47G6A.15;0;0;0;0;1
WBGene00020863;T27E4.5;0;0;0;0;1
WBGene00019793;M151.1;0;0;0;0;1
WBGene00018771;duox-2;0;0;0;0;1
WBGene00018767;F53G2.2;0;0;0;0;1
WBGene00017267;numr-2;0;0;0;0;1
WBGene00016063;delm-2;0;0;0;0;1
WBGene00014924;Y57G11C.28;0;0;0;0;1
WBGene00014168;ZK945.6;0;0;0;0;1
WBGene00014068;nhr-255;0;0;0;0;1
WBGene00011568;nhr-26;0;0;0;0;1
WBGene00011567;nhr-215;0;0;0;0;1
WBGene00011565;nhr-272;0;0;0;0;1
WBGene00010164;F56H6.3;0;0;0;0;1
WBGene00008395;D1086.8;0;0;0;0;1
WBGene00008069;C43D7.7;0;0;0;0;1
WBGene00005938;srx-47;0;0;0;0;1
WBGene00003937;pax-1;0;0;0;0;1
WBGene00003058;lov-1;0;0;0;0;1
WBGene00001311;end-3;0;0;0;0;1
WBGene00000735;col-162;0;0;0;0;1
WBGene00000718;col-145;0;0;0;0;1
